,country,iso,region,score,rank,change,year,standard_deviation,range
0,New Zealand,NZL,AP,9.55,1,0,1995,,
1,Denmark,DNK,WE/EU,9.32,2,0,1995,,
2,Singapore,SGP,AP,9.26,3,0,1995,,
3,Finland,FIN,WE/EU,9.12,4,0,1995,,
4,Canada,CAN,AME,8.87,5,0,1995,,
5,Sweden,SWE,WE/EU,8.87,6,0,1995,,
6,Australia,AUS,AP,8.8,7,0,1995,,
7,Switzerland,CHE,WE/EU,8.76,8,0,1995,,
8,Netherlands,NLD,WE/EU,8.69,9,0,1995,,
9,Norway,NOR,WE/EU,8.61,10,0,1995,,
10,Ireland,IRL,WE/EU,8.57,11,0,1995,,
11,United Kingdom,GBR,WE/EU,8.57,12,0,1995,,
12,Germany,DEU,WE/EU,8.14,13,0,1995,,
13,Chile,CHL,AME,7.94,14,0,1995,,
14,United States of America,USA,AME,7.79,15,0,1995,,
15,Austria,AUT,WE/EU,7.13,16,0,1995,,
16,Hong Kong,HKG,AP,7.12,17,0,1995,,
17,France,FRA,WE/EU,7,18,0,1995,,
18,Belgium,BEL,WE/EU,6.85,19,0,1995,,
19,Japan,JPN,AP,6.72,20,0,1995,,
20,South Africa,ZAF,SSA,5.62,21,0,1995,,
21,Portugal,PRT,WE/EU,5.56,22,0,1995,,
22,Malaysia,MYS,AP,5.28,23,0,1995,,
23,Argentina,ARG,AME,5.24,24,0,1995,,
24,Taiwan,TWN,AP,5.08,25,0,1995,,
25,Spain,ESP,WE/EU,4.35,26,0,1995,,
26,"Korea, South",KOR,AP,4.29,27,0,1995,,
27,Hungary,HUN,WE/EU,4.12,28,0,1995,,
28,Turkey,TUR,ECA,4.1,29,0,1995,,
29,Greece,GRC,WE/EU,4.04,30,0,1995,,
30,Colombia,COL,AME,3.44,31,0,1995,,
31,Mexico,MEX,AME,3.18,32,0,1995,,
32,Italy,ITA,WE/EU,2.99,33,0,1995,,
33,Thailand,THA,AP,2.79,34,0,1995,,
34,India,IND,AP,2.78,35,0,1995,,
35,Philippines,PHL,AP,2.77,36,0,1995,,
36,Brazil,BRA,AME,2.7,37,0,1995,,
37,Venezuela,VEN,AME,2.66,38,0,1995,,
38,Pakistan,PAK,AP,2.25,39,0,1995,,
39,China,CHN,AP,2.16,40,0,1995,,
40,Indonesia,IDN,AP,1.94,41,0,1995,,
41,Argentina,ARG,AME,3.41,35,-11,1996,,
42,Australia,AUS,AP,8.6,10,-3,1996,,
43,Austria,AUT,WE/EU,7.59,16,0,1996,,
44,Bangladesh,BGD,AP,2.29,51,-50,1996,,
45,Belgium,BEL,WE/EU,6.84,20,-1,1996,,
46,Bolivia,BOL,AME,3.4,36,-35,1996,,
47,Brazil,BRA,AME,2.96,40,-3,1996,,
48,Cameroon,CMR,SSA,2.46,49,-48,1996,,
49,Canada,CAN,AME,8.96,5,0,1996,,
50,Chile,CHL,AME,6.8,21,-7,1996,,
51,China,CHN,AP,2.43,50,-10,1996,,
52,Colombia,COL,AME,2.73,42,-11,1996,,
53,Czech Republic,CZE,WE/EU,5.37,25,-24,1996,,
54,Denmark,DNK,WE/EU,9.33,2,0,1996,,
55,Ecuador,ECU,AME,3.19,39,-38,1996,,
56,Egypt,EGY,MENA,2.84,41,-40,1996,,
57,Finland,FIN,WE/EU,9.05,4,0,1996,,
58,France,FRA,WE/EU,6.96,19,-1,1996,,
59,Germany,DEU,WE/EU,8.27,13,0,1996,,
60,Greece,GRC,WE/EU,5.01,28,2,1996,,
61,Hong Kong,HKG,AP,7.01,18,-1,1996,,
62,Hungary,HUN,WE/EU,4.86,31,-3,1996,,
63,India,IND,AP,2.63,46,-11,1996,,
64,Indonesia,IDN,AP,2.65,45,-4,1996,,
65,Ireland,IRL,WE/EU,8.45,11,0,1996,,
66,Israel,ISR,MENA,7.71,14,-13,1996,,
67,Italy,ITA,WE/EU,3.42,34,-1,1996,,
68,Japan,JPN,AP,7.05,17,3,1996,,
69,Jordan,JOR,MENA,4.89,30,-29,1996,,
70,Kenya,KEN,SSA,2.21,52,-51,1996,,
71,"Korea, South",KOR,AP,5.02,27,0,1996,,
72,Malaysia,MYS,AP,5.32,26,-3,1996,,
73,Mexico,MEX,AME,3.3,38,-6,1996,,
74,Netherlands,NLD,WE/EU,8.71,9,0,1996,,
75,New Zealand,NZL,AP,9.43,1,0,1996,,
76,Nigeria,NGA,SSA,0.69,54,-53,1996,,
77,Norway,NOR,WE/EU,8.87,6,4,1996,,
78,Pakistan,PAK,AP,1,53,-14,1996,,
79,Philippines,PHL,AP,2.69,44,-8,1996,,
80,Poland,POL,WE/EU,5.57,24,-23,1996,,
81,Portugal,PRT,WE/EU,6.53,22,0,1996,,
82,Russia,RUS,ECA,2.58,47,-46,1996,,
83,Singapore,SGP,AP,8.8,7,-4,1996,,
84,South Africa,ZAF,SSA,5.68,23,-2,1996,,
85,Spain,ESP,WE/EU,4.31,32,-6,1996,,
86,Sweden,SWE,WE/EU,9.08,3,3,1996,,
87,Switzerland,CHE,WE/EU,8.76,8,0,1996,,
88,Taiwan,TWN,AP,4.98,29,-4,1996,,
89,Thailand,THA,AP,3.33,37,-3,1996,,
90,Turkey,TUR,ECA,3.54,33,-4,1996,,
91,Uganda,UGA,SSA,2.71,43,-42,1996,,
92,United Kingdom,GBR,WE/EU,8.44,12,0,1996,,
93,United States of America,USA,AME,7.66,15,0,1996,,
94,Venezuela,VEN,AME,2.5,48,-10,1996,,
95,Argentina,ARG,AME,2.81,42,-7,1997,,
96,Australia,AUS,AP,8.86,8,2,1997,,
97,Austria,AUT,WE/EU,7.61,17,-1,1997,,
98,Belgium,BEL,WE/EU,5.25,26,-6,1997,,
99,Bolivia,BOL,AME,2.05,51,-15,1997,,
100,Brazil,BRA,AME,3.56,36,4,1997,,
101,Canada,CAN,AME,9.1,5,0,1997,,
102,Chile,CHL,AME,6.05,23,-2,1997,,
103,China,CHN,AP,2.88,41,9,1997,,
104,Colombia,COL,AME,2.23,50,-8,1997,,
105,Costa Rica,CRI,AME,6.45,22,13,1997,,
106,Czech Republic,CZE,WE/EU,5.2,27,-2,1997,,
107,Denmark,DNK,WE/EU,9.94,1,1,1997,,
108,Finland,FIN,WE/EU,9.48,2,2,1997,,
109,France,FRA,WE/EU,6.66,20,-1,1997,,
110,Germany,DEU,WE/EU,8.23,13,0,1997,,
111,Greece,GRC,WE/EU,5.35,25,3,1997,,
112,Hong Kong,HKG,AP,7.28,18,0,1997,,
113,Hungary,HUN,WE/EU,5.18,28,3,1997,,
114,India,IND,AP,2.75,45,1,1997,,
115,Indonesia,IDN,AP,2.72,46,-1,1997,,
116,Ireland,IRL,WE/EU,8.28,12,-1,1997,,
117,Israel,ISR,MENA,7.97,15,-1,1997,,
118,Italy,ITA,WE/EU,5.03,30,4,1997,,
119,Japan,JPN,AP,6.57,21,-4,1997,,
120,"Korea, South",KOR,AP,4.29,34,-7,1997,,
121,Luxembourg,LUX,WE/EU,8.61,10,25,1997,,
122,Malaysia,MYS,AP,5.01,32,-6,1997,,
123,Mexico,MEX,AME,2.66,47,-9,1997,,
124,Netherlands,NLD,WE/EU,9.03,6,3,1997,,
125,New Zealand,NZL,AP,9.23,4,-3,1997,,
126,Nigeria,NGA,SSA,1.76,52,2,1997,,
127,Norway,NOR,WE/EU,8.92,5,1,1997,,
128,Pakistan,PAK,AP,2.53,48,5,1997,,
129,Philippines,PHL,AP,3.05,40,4,1997,,
130,Poland,POL,WE/EU,5.08,29,-5,1997,,
131,Portugal,PRT,WE/EU,6.97,19,3,1997,,
132,Romania,ROU,WE/EU,3.44,37,-2,1997,,
133,Russia,RUS,ECA,2.27,49,-2,1997,,
134,Singapore,SGP,AP,8.66,9,-2,1997,,
135,South Africa,ZAF,SSA,4.95,33,-10,1997,,
136,Spain,ESP,WE/EU,5.9,24,8,1997,,
137,Sweden,SWE,WE/EU,9.35,3,0,1997,,
138,Switzerland,CHE,WE/EU,8.61,11,-3,1997,,
139,Taiwan,TWN,AP,5.02,31,-2,1997,,
140,Thailand,THA,AP,3.06,39,-2,1997,,
141,Turkey,TUR,ECA,3.21,38,-5,1997,,
142,United Kingdom,GBR,WE/EU,8.22,14,-2,1997,,
143,United States of America,USA,AME,7.61,16,-1,1997,,
144,Uruguay,URY,AME,4.14,35,0,1997,,
145,Venezuela,VEN,AME,2.77,44,4,1997,,
146,Vietnam,VNM,AP,2.79,43,-8,1997,,
147,Argentina,ARG,AME,3,61,-19,1998,0.6,
148,Australia,AUS,AP,8.7,11,-3,1998,0.7,
149,Austria,AUT,WE/EU,7.5,17,0,1998,0.8,
150,Belarus,BLR,ECA,3.9,47,-5,1998,1.9,
151,Belgium,BEL,WE/EU,5.4,28,-2,1998,1.4,
152,Bolivia,BOL,AME,2.8,69,-18,1998,1.2,
153,Botswana,BWA,SSA,6.1,23,19,1998,2.2,
154,Brazil,BRA,AME,4,46,-10,1998,0.4,
155,Bulgaria,BGR,WE/EU,2.9,66,-24,1998,2.3,
156,Cameroon,CMR,SSA,1.4,85,-43,1998,0.5,
157,Canada,CAN,AME,9.2,6,-1,1998,0.5,
158,Chile,CHL,AME,6.8,20,3,1998,0.9,
159,China,CHN,AP,3.5,52,-11,1998,0.7,
160,Colombia,COL,AME,2.2,79,-29,1998,0.8,
161,Costa Rica,CRI,AME,5.6,27,-5,1998,1.6,
162,Czech Republic,CZE,WE/EU,4.8,37,-10,1998,0.8,
163,Denmark,DNK,WE/EU,10,1,0,1998,0.7,
164,Ecuador,ECU,AME,2.3,77,-35,1998,1.5,
165,Egypt,EGY,MENA,2.9,66,-24,1998,0.6,
166,El Salvador,SLV,AME,3.6,51,-9,1998,2.3,
167,Estonia,EST,WE/EU,5.7,26,16,1998,0.5,
168,Finland,FIN,WE/EU,9.6,2,0,1998,0.5,
169,France,FRA,WE/EU,6.7,21,-1,1998,0.6,
170,Germany,DEU,WE/EU,7.9,15,-2,1998,0.4,
171,Ghana,GHA,SSA,3.3,55,-13,1998,1,
172,Greece,GRC,WE/EU,4.9,36,-11,1998,1.7,
173,Guatemala,GTM,AME,3.1,59,-17,1998,2.5,
174,Honduras,HND,AME,1.7,83,-41,1998,0.5,
175,Hong Kong,HKG,AP,7.8,16,2,1998,1.1,
176,Hungary,HUN,WE/EU,5,33,-5,1998,1.2,
177,Iceland,ISL,WE/EU,9.3,5,37,1998,0.9,
178,India,IND,AP,2.9,66,-21,1998,0.6,
179,Indonesia,IDN,AP,2,80,-34,1998,0.9,
180,Ireland,IRL,WE/EU,8.2,14,-2,1998,1.4,
181,Israel,ISR,MENA,7.1,19,-4,1998,1.4,
182,Italy,ITA,WE/EU,4.6,39,-9,1998,0.8,
183,Ivory Coast,CIV,AF,3.1,59,-17,1998,1.7,
184,Jamaica,JAM,AME,3.8,49,-7,1998,0.4,
185,Japan,JPN,AP,5.8,25,-4,1998,1.6,
186,Jordan,JOR,MENA,4.7,38,4,1998,1.1,
187,Kenya,KEN,SSA,2.5,74,-32,1998,0.6,
188,Latvia,LVA,WE/EU,2.7,71,-29,1998,1.9,
189,Luxembourg,LUX,WE/EU,8.7,11,-1,1998,0.9,
190,Malawi,MWI,SSA,4.1,45,-3,1998,0.6,
191,Malaysia,MYS,AP,5.3,29,3,1998,0.4,
192,Mauritius,MUS,SSA,5,33,9,1998,0.8,
193,Mexico,MEX,AME,3.3,55,-8,1998,0.6,
194,Morocco,MAR,MENA,3.7,50,-8,1998,1.8,
195,Namibia,NAM,SSA,5.3,29,13,1998,1,
196,Netherlands,NLD,WE/EU,9,8,-2,1998,0.7,
197,New Zealand,NZL,AP,9.4,4,0,1998,0.7,
198,Nicaragua,NIC,AME,3,61,-19,1998,2.5,
199,Nigeria,NGA,SSA,1.9,81,-29,1998,0.5,
200,Norway,NOR,WE/EU,9,8,-3,1998,0.7,
201,Pakistan,PAK,AP,2.7,71,-23,1998,1.4,
202,Paraguay,PRY,AME,1.5,84,-42,1998,0.5,
203,Peru,PER,AME,4.5,41,1,1998,0.8,
204,Philippines,PHL,AP,3.3,55,-15,1998,1.1,
205,Poland,POL,WE/EU,4.6,39,-10,1998,1.6,
206,Portugal,PRT,WE/EU,6.5,22,-3,1998,1,
207,Romania,ROU,WE/EU,3,61,-24,1998,1.5,
208,Russia,RUS,ECA,2.4,76,-27,1998,0.9,
209,Senegal,SEN,SSA,3.3,55,-13,1998,0.8,
210,Singapore,SGP,AP,9.1,7,2,1998,1,
211,Slovak Republic,SVK,WE/EU,3.9,47,-5,1998,1.6,
212,South Africa,ZAF,SSA,5.2,32,1,1998,0.8,
213,South Korea,KOR,AP,4.2,43,-9,1998,1.2,
214,Spain,ESP,WE/EU,6.1,23,1,1998,1.3,
215,Sweden,SWE,WE/EU,9.5,3,0,1998,0.5,
216,Switzerland,CHE,WE/EU,8.9,10,1,1998,0.6,
217,Taiwan,TWN,AP,5.3,29,2,1998,0.7,
218,Tanzania,TZA,SSA,1.9,81,-39,1998,1.1,
219,Thailand,THA,AP,3,61,-22,1998,0.7,
220,Tunisia,TUN,MENA,5,33,9,1998,2.1,
221,Turkey,TUR,ECA,3.4,54,-16,1998,1,
222,Uganda,UGA,SSA,2.6,73,-31,1998,0.8,
223,Ukraine,UKR,ECA,2.8,69,-27,1998,1.6,
224,United Kingdom,GBR,WE/EU,8.7,11,3,1998,0.5,
225,United States,USA,AME,7.5,17,-1,1998,0.9,
226,Uruguay,URY,AME,4.3,42,-7,1998,0.9,
227,Venezuela,VEN,AME,2.3,77,-33,1998,0.8,
228,Vietnam,VNM,AP,2.5,74,-31,1998,0.5,
229,Yugoslavia,YUG,ECA,3,61,-19,1998,1.5,
230,Zambia,ZMB,SSA,3.5,52,-10,1998,1.6,
231,Zimbabwe,ZWE,SSA,4.2,43,-1,1998,2.2,
232,Albania,ALB,ECA,2.3,84,-23,1999,0.3,
233,Argentina,ARG,AME,3,71,-10,1999,0.8,
234,Armenia,ARM,ECA,2.5,80,-19,1999,0.4,
235,Australia,AUS,AP,8.7,12,-1,1999,0.7,
236,Austria,AUT,WE/EU,7.6,17,0,1999,0.8,
237,Azerbaijan,AZE,ECA,1.7,96,-35,1999,0.6,
238,Belarus,BLR,ECA,3.4,58,-11,1999,1.4,
239,Belgium,BEL,WE/EU,5.3,29,-1,1999,1.3,
240,Bolivia,BOL,AME,2.5,80,-11,1999,1.1,
241,Botswana,BWA,SSA,6.1,24,-1,1999,1.7,
242,Brazil,BRA,AME,4.1,45,1,1999,0.8,
243,Bulgaria,BGR,WE/EU,3.3,63,3,1999,1.4,
244,Cameroon,CMR,SSA,1.5,99,-14,1999,0.5,
245,Canada,CAN,AME,9.2,5,1,1999,0.5,
246,Chile,CHL,AME,6.9,19,1,1999,1,
247,China,CHN,AP,3.4,58,-6,1999,0.7,
248,Colombia,COL,AME,2.9,72,7,1999,0.5,
249,Costa Rica,CRI,AME,5.1,32,-5,1999,1.5,
250,Croatia,HRV,WE/EU,2.7,74,-13,1999,0.9,
251,Czech Republic,CZE,WE/EU,4.6,39,-2,1999,0.8,
252,Denmark,DNK,WE/EU,10,1,0,1999,0.8,
253,Ecuador,ECU,AME,2.4,82,-5,1999,1.3,
254,Egypt,EGY,MENA,3.3,63,3,1999,0.6,
255,El Salvador,SLV,AME,3.9,49,2,1999,1.9,
256,Estonia,EST,WE/EU,5.7,27,-1,1999,1.2,
257,Finland,FIN,WE/EU,9.8,2,0,1999,0.5,
258,France,FRA,WE/EU,6.6,22,-1,1999,1,
259,Georgia,GEO,ECA,2.3,84,-23,1999,0.7,
260,Germany,DEU,WE/EU,8,14,1,1999,0.5,
261,Ghana,GHA,SSA,3.3,63,-8,1999,1,
262,Greece,GRC,WE/EU,4.9,36,0,1999,1.7,
263,Guatemala,GTM,AME,3.2,68,-9,1999,2.5,
264,Honduras,HND,AME,1.8,94,-11,1999,0.5,
265,Hong Kong,HKG,AP,7.7,15,1,1999,1.6,
266,Hungary,HUN,WE/EU,5.2,31,2,1999,1.1,
267,Iceland,ISL,WE/EU,9.2,5,0,1999,1.2,
268,India,IND,AP,2.9,72,-6,1999,0.6,
269,Indonesia,IDN,AP,1.7,96,-16,1999,0.9,
270,Ireland,IRL,WE/EU,7.7,15,-1,1999,1.9,
271,Israel,ISR,MENA,6.8,20,-1,1999,1.3,
272,Italy,ITA,WE/EU,4.7,38,1,1999,0.6,
273,Ivory Coast,CIV,AF,2.6,75,-16,1999,1,
274,Jamaica,JAM,AME,3.8,50,-1,1999,0.4,
275,Japan,JPN,AP,6,25,0,1999,1.6,
276,Jordan,JOR,MENA,4.4,41,-3,1999,0.8,
277,Kazakhstan,KAZ,ECA,2.3,84,-23,1999,1.3,
278,Kenya,KEN,SSA,2,90,-16,1999,0.5,
279,Kyrgyz Republic,KGZ,ECA,2.2,87,-26,1999,0.4,
280,Latvia,LVA,WE/EU,3.4,58,13,1999,1.3,
281,Lithuania,LTU,WE/EU,3.8,50,11,1999,0.5,
282,Luxembourg,LUX,WE/EU,8.8,11,0,1999,0.9,
283,Macedonia,MKD,ECA,3.3,63,-2,1999,1.2,
284,Malawi,MWI,SSA,4.1,45,0,1999,0.5,
285,Malaysia,MYS,AP,5.1,32,-3,1999,0.5,
286,Mauritius,MUS,SSA,4.9,36,-3,1999,0.7,
287,Mexico,MEX,AME,3.4,58,-3,1999,0.5,
288,Moldova,MDA,ECA,2.6,75,-14,1999,0.8,
289,Mongolia,MNG,AP,4.3,43,18,1999,1,
290,Morocco,MAR,MENA,4.1,45,5,1999,1.7,
291,Mozambique,MOZ,SSA,3.5,56,5,1999,2.2,
292,Namibia,NAM,SSA,5.3,29,0,1999,0.9,
293,Netherlands,NLD,WE/EU,9,8,0,1999,0.5,
294,New Zealand,NZL,AP,9.4,3,1,1999,0.8,
295,Nicaragua,NIC,AME,3.1,70,-9,1999,2.5,
296,Nigeria,NGA,SSA,1.6,98,-17,1999,0.8,
297,Norway,NOR,WE/EU,8.9,9,-1,1999,0.8,
298,Pakistan,PAK,AP,2.2,87,-16,1999,0.7,
299,Paraguay,PRY,AME,2,90,-6,1999,0.8,
300,Peru,PER,AME,4.5,40,1,1999,0.8,
301,Philippines,PHL,AP,3.6,54,1,1999,1.4,
302,Poland,POL,WE/EU,4.2,44,-5,1999,0.8,
303,Portugal,PRT,WE/EU,6.7,21,1,1999,1,
304,Romania,ROU,WE/EU,3.3,63,-2,1999,1,
305,Russia,RUS,ECA,2.4,82,-6,1999,1,
306,Senegal,SEN,SSA,3.4,58,-3,1999,0.8,
307,Singapore,SGP,AP,9.1,7,0,1999,0.9,
308,Slovak Republic,SVK,WE/EU,3.7,53,-6,1999,1.5,
309,Slovenia,SVN,WE/EU,6,25,36,1999,1.3,
310,South Africa,ZAF,SSA,5,34,-2,1999,0.8,
311,South Korea,KOR,AP,3.8,50,-7,1999,0.9,
312,Spain,ESP,WE/EU,6.6,22,1,1999,0.7,
313,Sweden,SWE,WE/EU,9.4,3,0,1999,0.6,
314,Switzerland,CHE,WE/EU,8.9,9,1,1999,0.6,
315,Taiwan,TWN,AP,5.6,28,1,1999,0.9,
316,Tanzania,TZA,SSA,1.9,93,-12,1999,1.1,
317,Thailand,THA,AP,3.2,68,-7,1999,0.7,
318,Tunisia,TUN,MENA,5,34,-1,1999,1.9,
319,Turkey,TUR,ECA,3.6,54,0,1999,1,
320,Uganda,UGA,SSA,2.2,87,-14,1999,0.7,
321,Ukraine,UKR,ECA,2.6,75,-6,1999,1.4,
322,United Kingdom,GBR,WE/EU,8.6,13,-2,1999,0.5,
323,Uruguay,USA,AME,4.4,41,-24,1999,0.9,
324,USA,URY,AME,7.5,18,24,1999,0.8,
325,Uzbekistan,UZB,ECA,1.8,94,-33,1999,0.4,
326,Venezuela,VEN,AME,2.6,75,2,1999,0.8,
327,Vietnam,VNM,AP,2.6,75,-1,1999,0.5,
328,Yugoslavia,YUG,ECA,2,90,-29,1999,1.1,
329,Zambia,ZMB,SSA,3.5,56,-4,1999,1.5,
330,Zimbabwe,ZWE,SSA,4.1,45,-2,1999,1.4,
331,Angola,AGO,SSA,1.7,85,-1,2000,1.6 - 2.5,
332,Argentina,ARG,AME,3.5,52,19,2000,3.0 - 4.5,
333,Armenia,ARM,ECA,2.5,76,4,2000,2.4 - 3.5,
334,Australia,AUS,AP,8.3,13,-1,2000,6.7 - 9.3,
335,Austria,AUT,WE/EU,7.7,15,2,2000,6.2 - 8.5,
336,Azerbaijan,AZE,ECA,1.5,87,9,2000,0.6 - 2.5,
337,Belarus,BLR,ECA,4.1,43,15,2000,3.4 - 4.9,
338,Belgium,BEL,WE/EU,6.1,25,4,2000,4.3 - 8.8,
339,Bolivia,BOL,AME,2.7,71,9,2000,1.7 - 4.3,
340,Botswana,BWA,SSA,6,26,-2,2000,4.3 - 8.2,
341,Brazil,BRA,AME,3.9,49,-4,2000,3.6 - 4.5,
342,Bulgaria,BGR,WE/EU,3.5,52,11,2000,3.3 - 4.3,
343,Burkina Faso,BFA,SSA,3,65,19,2000,2.5 - 4.4,
344,Cameroon,CMR,SSA,2,84,15,2000,1.6 - 3.0,
345,Canada,CAN,AME,9.2,5,0,2000,8.1 - 9.9,
346,Chile,CHL,AME,7.4,18,1,2000,5.7 - 8.4,
347,China,CHN,AP,3.1,63,-5,2000,0.6 - 4.3,
348,Colombia,COL,AME,3.2,60,12,2000,2.5 - 4.5,
349,Costa Rica,CRI,AME,5.4,30,2,2000,3.8 - 8.1,
350,Cu00f4te-d'Ivoire,CIV,SSA,2.7,71,4,2000,2.1 - 3.6,
351,Croatia,HRV,WE/EU,3.7,51,23,2000,3.4 - 4.3,
352,Czech Republic,CZE,WE/EU,4.3,42,-3,2000,3.3 - 6.2,
353,Denmark,DNK,WE/EU,9.8,2,-1,2000,8.6 - 10.6,
354,Ecuador,ECU,AME,2.6,74,8,2000,2.1 - 4.3,
355,Egypt,EGY,MENA,3.1,63,0,2000,2.3 - 4.1,
356,El Salvador,SLV,AME,4.1,43,6,2000,2.1 - 6.2,
357,Estonia,EST,WE/EU,5.7,27,0,2000,4.4 - 8.1,
358,Ethiopia,ETH,SSA,3.2,60,24,2000,2.5 - 3.9,
359,Finland,FIN,WE/EU,10,1,1,2000,9.0 - 10.4,
360,France,FRA,WE/EU,6.7,21,1,2000,4.3 - 7.7,
361,Germany,DEU,WE/EU,7.6,17,-3,2000,6.2 - 8.4,
362,Ghana,GHA,SSA,3.5,52,11,2000,2.5 - 4.7,
363,Greece,GRC,WE/EU,4.9,35,1,2000,3.7 - 8.1,
364,Hong Kong,HKG,AP,7.7,15,0,2000,4.3 - 8.6,
365,Hungary,HUN,WE/EU,5.2,32,-1,2000,3.9 - 8.1,
366,Iceland,ISL,WE/EU,9.1,6,-1,2000,7.3 - 9.9,
367,India,IND,AP,2.8,69,3,2000,2.3 - 4.3,
368,Indonesia,IDN,AP,1.7,85,11,2000,0.5 - 3.2,
369,Ireland,IRL,WE/EU,7.2,19,-4,2000,2.5 - 8.5,
370,Israel,ISR,MENA,6.6,22,-2,2000,4.3 - 7.9,
371,Italy,ITA,WE/EU,4.6,39,-1,2000,4.0 - 5.6,
372,Japan,JPN,AP,6.4,23,2,2000,4.3 - 7.8,
373,Jordan,JOR,MENA,4.6,39,2,2000,3.8 - 5.7,
374,Kazakhstan,KAZ,ECA,3,65,19,2000,2.1 - 4.3,
375,Kenya,KEN,SSA,2.1,82,8,2000,2.1 - 2.7,
376,Latvia,LVA,WE/EU,3.4,57,1,2000,2.1 - 4.4,
377,Lithuania,LTU,WE/EU,4.1,43,7,2000,3.8 - 4.4,
378,Luxembourg,LUX,WE/EU,8.6,11,0,2000,7.4 - 9.3,
379,Malawi,MWI,SSA,4.1,43,2,2000,3.8 - 4.8,
380,Malaysia,MYS,AP,4.8,36,-4,2000,3.8 - 5.9,
381,Mauritius,MUS,SSA,4.7,37,-1,2000,3.9 - 5.6,
382,Mexico,MEX,AME,3.3,59,-1,2000,2.5 - 4.1,
383,Moldova,MDA,ECA,2.6,74,1,2000,1.8 - 3.8,
384,Morocco,MAR,MENA,4.7,37,8,2000,4.2 - 5.6,
385,Mozambique,MOZ,SSA,2.2,81,-25,2000,2.4 - 2.7,
386,Namibia,NAM,SSA,5.4,30,-1,2000,4.3 - 6.1,
387,Netherlands,NLD,WE/EU,8.9,9,-1,2000,8.1 - 9.9,
388,New Zealand,NZL,AP,9.4,3,0,2000,8.1 - 10.2,
389,Nigeria,NGA,SSA,1.2,90,8,2000,0.6 - 2.1,
390,Norway,NOR,WE/EU,9.1,6,3,2000,7.6 - 9.5,
391,Peru,PER,AME,4.4,41,-1,2000,3.8 - 5.0,
392,Philippines,PHL,AP,2.8,69,-15,2000,1.7 - 4.7,
393,Poland,POL,WE/EU,4.1,43,1,2000,2.8 - 5.6,
394,Portugal,PRT,WE/EU,6.4,23,-2,2000,5.3 - 8.1,
395,Romania,ROU,WE/EU,2.9,68,-5,2000,2.1 - 4.3,
396,Russia,RUS,ECA,2.1,82,0,2000,0.6 - 4.1,
397,Senegal,SEN,SSA,3.5,52,6,2000,2.8 - 4.3,
398,Singapore,SGP,AP,9.1,6,1,2000,6.2 - 9.7,
399,Slovak Republic,SVK,WE/EU,3.5,52,1,2000,2.2 - 6.2,
400,Slovenia,SVN,WE/EU,5.5,28,-3,2000,4.1 - 7.3,
401,South Africa,ZAF,SSA,5,34,0,2000,3.8 - 6.6,
402,South Korea,KOR,AP,4,48,2,2000,3.4 - 5.6,
403,Spain,ESP,WE/EU,7,20,2,2000,5.9 - 8.0,
404,Sweden,SWE,WE/EU,9.4,3,0,2000,8.1 - 9.9,
405,Switzerland,CHE,WE/EU,8.6,11,-2,2000,8.1 - 9.1,
406,Taiwan,TWN,AP,5.5,28,0,2000,2.5 - 7.2,
407,Tanzania,TZA,SSA,2.5,76,17,2000,2.1 - 3.5,
408,Thailand,THA,AP,3.2,60,8,2000,2.4 - 4.0,
409,Tunisia,TUN,MENA,5.2,32,2,2000,3.8 - 7.1,
410,Turkey,TUR,ECA,3.8,50,4,2000,2.1 - 4.5,
411,Uganda,UGA,SSA,2.3,80,7,2000,2.1 - 3.5,
412,Ukraine,UKR,ECA,1.5,87,-12,2000,0.5 - 2.5,
413,United Kingdom,GBR,WE/EU,8.7,10,3,2000,7.3 - 9.7,
414,USA,USA,AME,7.8,14,27,2000,6.2 - 9.2,
415,Uzbekistan,UZB,ECA,2.4,79,15,2000,2.1 - 3.7,
416,Venezuela,VEN,AME,2.7,71,4,2000,2.1 - 4.3,
417,Vietnam,VNM,AP,2.5,76,-1,2000,2.1 - 3.8,
418,Yugoslavia,YUG,ECA,1.3,89,1,2000,0.6 - 2.4,
419,Zambia,ZMB,SSA,3.4,57,-1,2000,2.1 - 5.1,
420,Zimbabwe,ZWE,SSA,3,65,-20,2000,0.6 - 4.9,
421,Argentina,ARG,AME,3.5,57,-5,2001,2.9 - 4.4,
422,Australia,AUS,AP,8.5,11,2,2001,6.8 - 9.4,
423,Austria,AUT,WE/EU,7.8,15,0,2001,7.2 - 8.7,
424,Azerbaijan,AZE,ECA,2,84,3,2001,1.8 - 2.2,
425,Bangladesh,BGD,AP,0.4,91,-6,2001,-1.7 - 3.8,
426,Belgium,BEL,WE/EU,6.6,24,1,2001,5.7 - 7.6,
427,Bolivia,BOL,AME,2,84,-13,2001,1.5 - 3.0,
428,Botswana,BWA,SSA,6,26,0,2001,5.6 - 6.6,
429,Brazil,BRA,AME,4,46,3,2001,3.5 - 4.5,
430,Bulgaria,BGR,WE/EU,3.9,47,5,2001,3.2 - 5.0,
431,Cameroon,CMR,SSA,2,84,0,2001,1.2 - 2.9,
432,Canada,CAN,AME,8.9,7,-2,2001,8.2 - 9.7,
433,Chile,CHL,AME,7.5,18,0,2001,6.5 - 8.5,
434,China,CHN,AP,3.5,57,6,2001,2.7 - 3.9,
435,Colombia,COL,AME,3.8,50,10,2001,3.0 - 4.5,
436,Costa Rica,CRI,AME,4.5,40,-10,2001,3.7 - 5.6,
437,Cote du00b4Ivoire,CIV,SSA,2.4,77,-6,2001,1.5 - 3.6,
438,Croatia,HRV,WE/EU,3.9,47,4,2001,3.4 - 4.6,
439,Czech Republic,CZE,WE/EU,3.9,47,-5,2001,2.6 - 5.6,
440,Denmark,DNK,WE/EU,9.5,2,0,2001,8.8 - 10.6,
441,Dominican Rep,DOM,AME,3.1,63,22,2001,2.0 - 3.9,
442,Ecuador,ECU,AME,2.3,79,-5,2001,1.8 - 2.6,
443,Egypt,EGY,MENA,3.6,54,9,2001,1.2 - 6.2,
444,El Salvador,SLV,AME,3.6,54,-11,2001,2.0 - 4.3,
445,Estonia,EST,WE/EU,5.6,28,-1,2001,5.0 - 6.0,
446,Finland,FIN,WE/EU,9.9,1,0,2001,9.2 - 10.6,
447,France,FRA,WE/EU,6.7,23,-2,2001,5.6 - 7.8,
448,Germany,DEU,WE/EU,7.4,20,-3,2001,5.8 - 8.6,
449,Ghana,GHA,SSA,3.4,59,-7,2001,2.9 - 3.8,
450,Greece,GRC,WE/EU,4.2,42,-7,2001,3.6 - 5.6,
451,Guatemala,GTM,AME,2.9,65,20,2001,2.0 - 4.2,
452,Honduras,HND,AME,2.7,71,14,2001,2.0 - 4.0,
453,Hong Kong,HKG,AP,7.9,14,1,2001,7.2 - 8.7,
454,Hungary,HUN,WE/EU,5.3,31,1,2001,4.0 - 6.2,
455,Iceland,ISL,WE/EU,9.2,4,2,2001,7.4 - 10.1,
456,India,IND,AP,2.7,71,-2,2001,2.1 - 3.8,
457,Indonesia,IDN,AP,1.9,88,-3,2001,0.2 - 3.1,
458,Ireland,IRL,WE/EU,7.5,18,1,2001,6.8 - 7.9,
459,Israel,ISR,MENA,7.6,16,6,2001,7.3 - 8.1,
460,Italy,ITA,WE/EU,5.5,29,10,2001,4.0 - 6.9,
461,Japan,JPN,AP,7.1,21,2,2001,5.6 - 8.4,
462,Jordan,JOR,MENA,4.9,37,2,2001,3.8 - 5.7,
463,Kazakhstan,KAZ,ECA,2.7,71,-6,2001,1.8 - 4.3,
464,Kenya,KEN,SSA,2,74,8,2001,0.9 - 2.6,
465,Latvia,LVA,WE/EU,3.4,59,-2,2001,2.0 - 4.3,
466,Lithuania,LTU,WE/EU,4.8,38,5,2001,3.8 - 7.5,
467,Luxembourg,LUX,WE/EU,8.7,9,2,2001,8.1 - 9.5,
468,Malawi,MWI,SSA,3.2,61,-18,2001,2.0 - 3.9,
469,Malaysia,MYS,AP,5,36,0,2001,3.8 - 5.9,
470,Mauritius,MUS,SSA,4.5,40,-3,2001,3.9 - 5.6,
471,Mexico,MEX,AME,3.7,51,8,2001,2.5 - 5.0,
472,Moldova,MDA,ECA,3.1,63,11,2001,2.1 - 3.8,
473,Namibia,NAM,SSA,5.4,30,0,2001,3.8 - 6.7,
474,Netherlands,NLD,WE/EU,8.8,8,1,2001,8.4 - 9.2,
475,New Zealand,NZL,AP,9.4,3,0,2001,8.6 - 10.2,
476,Nicaragua,NIC,AME,2.4,77,8,2001,1.9 - 3.4,
477,Nigeria,NGA,SSA,1,90,0,2001,-0.1 - 2.0,
478,Norway,NOR,WE/EU,8.6,10,-4,2001,7.4 - 9.6,
479,Pakistan,PAK,AP,2.3,79,6,2001,0.8 - 4.2,
480,Panama,PAN,AME,3.7,51,34,2001,3.1 - 4.0,
481,Peru,PER,AME,4.1,44,-3,2001,2.0 - 5.3,
482,Philippines,PHL,AP,2.9,65,4,2001,1.6 - 4.8,
483,Poland,POL,WE/EU,4.1,44,-1,2001,2.9 - 5.6,
484,Portugal,PRT,WE/EU,6.3,25,-2,2001,5.3 - 7.4,
485,Romania,ROU,WE/EU,2.8,69,-1,2001,2.0 - 3.4,
486,Russia,RUS,ECA,2.3,79,3,2001,0.3 - 4.2,
487,Senegal,SEN,SSA,2.9,65,-13,2001,2.2 - 3.8,
488,Singapore,SGP,AP,9.2,4,2,2001,8.5 - 9.9,
489,Slovak Republic,SVK,WE/EU,3.7,51,1,2001,2.1 - 4.9,
490,Slovenia,SVN,WE/EU,5.2,34,-6,2001,4.1 - 7.1,
491,South Africa,ZAF,SSA,4.8,38,-4,2001,3.8 - 5.6,
492,South Korea,KOR,AP,4.2,42,6,2001,3.4 - 5.6,
493,Spain,ESP,WE/EU,7,22,-2,2001,5.8 - 8.1,
494,Sweden,SWE,WE/EU,9,6,-3,2001,8.2 - 9.7,
495,Switzerland,CHE,WE/EU,8.4,12,-1,2001,7.4 - 9.2,
496,Taiwan,TWN,AP,5.9,27,1,2001,4.6 - 7.3,
497,Tanzania,TZA,SSA,2.2,82,-6,2001,1.6 - 2.9,
498,Thailand,THA,AP,3.2,61,-1,2001,0.6 - 4.0,
499,Trinidad & Tobago,TTO,AME,5.3,31,54,2001,3.8 - 6.9,
500,Tunisia,TUN,MENA,5.3,31,1,2001,3.8 - 6.5,
501,Turkey,TUR,ECA,3.6,54,-4,2001,2.0 - 4.5,
502,Uganda,UGA,SSA,1.9,88,-8,2001,1.3 - 2.4,
503,Ukraine,UKR,ECA,2.1,83,4,2001,1.0 - 4.3,
504,United Kingdom,GBR,WE/EU,8.3,13,-3,2001,7.4 - 8.8,
505,Uruguay,URY,AME,5.1,35,50,2001,4.4 - 5.8,
506,USA,USA,AME,7.6,16,-2,2001,6.1 - 9.0,
507,Uzbekistan,UZB,ECA,2.7,71,8,2001,2.0 - 4.0,
508,Venezuela,VEN,AME,2.8,69,2,2001,2.0 - 3.6,
509,Vietnam,VNM,AP,2.6,75,1,2001,1.5 - 3.8,
510,Zambia,ZMB,SSA,2.6,75,-18,2001,2.0 - 3.0,
511,Zimbabwe,ZWE,SSA,2.9,65,0,2001,1.6 - 4.7,
512,Albania,ALB,ECA,2.5,81,-24,2002,1.7 - 3.3,
513,Angola,AGO,SSA,1.7,98,-41,2002,1.6 - 2.0,
514,Argentina,ARG,AME,2.8,70,-13,2002,1.7 - 3.8,
515,Australia,AUS,AP,8.6,11,0,2002,6.1 - 9.3,
516,Austria,AUT,WE/EU,7.8,15,0,2002,7.2 - 8.7,
517,Azerbaijan,AZE,ECA,2,95,-11,2002,1.7 - 2.4,
518,Bangladesh,BGD,AP,1.2,102,-11,2002,0.3 - 2.0,
519,Belarus,BLR,ECA,4.8,36,21,2002,3.3 - 5.8,
520,Belgium,BEL,WE/EU,7.1,20,4,2002,5.5 - 8.7,
521,Bolivia,BOL,AME,2.2,89,-5,2002,1.7 - 2.9,
522,Botswana,BWA,SSA,6.4,24,2,2002,5.3 - 8.9,
523,Brazil,BRA,AME,4,45,1,2002,3.4 - 4.8,
524,Bulgaria,BGR,WE/EU,4,45,2,2002,3.3 - 5.7,
525,Cameroon,CMR,SSA,2.2,89,-5,2002,1.7 - 3.2,
526,Canada,CAN,AME,9,7,0,2002,8.7 - 9.3,
527,Chile,CHL,AME,7.5,17,1,2002,5.6 - 8.8,
528,China,CHN,AP,3.5,59,-2,2002,2.0 - 5.6,
529,Colombia,COL,AME,3.6,57,-7,2002,2.6 - 4.6,
530,Costa Rica,CRI,AME,4.5,40,0,2002,3.6 - 5.9,
531,Cote d'Ivoire,CIV,SSA,2.7,71,6,2002,2.0 - 3.4,
532,Croatia,HRV,WE/EU,3.8,51,-4,2002,3.6 - 4.0,
533,Czech Republic,CZE,WE/EU,3.7,52,-5,2002,2.6 - 5.5,
534,Denmark,DNK,WE/EU,9.5,2,0,2002,8.9 - 9.9,
535,Dominican Rep.,DOM,AME,3.5,59,4,2002,3.0 - 3.9,
536,Ecuador,ECU,AME,2.2,89,-10,2002,1.7 - 2.6,
537,Egypt,EGY,MENA,3.4,62,-8,2002,1.7 - 5.3,
538,El Salvador,SLV,AME,3.4,62,-8,2002,2.0 - 4.2,
539,Estonia,EST,WE/EU,5.6,29,-1,2002,5.2 - 6.6,
540,Ethiopia,ETH,SSA,3.5,59,-2,2002,3.0 - 4.0,
541,Finland,FIN,WE/EU,9.7,1,0,2002,8.9 - 10.0,
542,France,FRA,WE/EU,6.3,25,-2,2002,4.8 - 7.8,
543,Georgia,GEO,ECA,2.4,85,-28,2002,1.7 - 2.9,
544,Germany,DEU,WE/EU,7.3,18,2,2002,5.0 - 8.1,
545,Ghana,GHA,SSA,3.9,50,9,2002,2.7 - 5.9,
546,Greece,GRC,WE/EU,4.2,44,-2,2002,3.7 - 5.5,
547,Guatemala,GTM,AME,2.5,81,-16,2002,1.7 - 3.5,
548,Haiti,HTI,AME,2.2,89,-32,2002,0.8 - 4.0,
549,Honduras,HND,AME,2.7,71,0,2002,2.0 - 3.4,
550,Hong Kong,HKG,AP,8.2,14,0,2002,6.6 - 9.4,
551,Hungary,HUN,WE/EU,4.9,33,-2,2002,4.0 - 5.6,
552,Iceland,ISL,WE/EU,9.4,4,0,2002,8.8 - 10.0,
553,India,IND,AP,2.7,71,0,2002,2.4 - 3.6,
554,Indonesia,IDN,AP,1.9,96,-8,2002,0.8 - 3.0,
555,Ireland,IRL,WE/EU,6.9,23,-5,2002,5.5 - 8.1,
556,Israel,ISR,MENA,7.3,18,-2,2002,5.2 - 8.0,
557,Italy,ITA,WE/EU,5.2,31,-2,2002,3.4 - 7.2,
558,Jamaica,JAM,AME,4,45,12,2002,3.6 - 4.3,
559,Japan,JPN,AP,7.1,20,1,2002,5.5 - 7.9,
560,Jordan,JOR,MENA,4.5,40,-3,2002,3.6 - 5.2,
561,Kazakhstan,KAZ,ECA,2.3,88,-17,2002,1.7 - 3.9,
562,Kenya,KEN,SSA,1.9,96,-22,2002,1.7 - 2.5,
563,Latvia,LVA,WE/EU,3.7,52,7,2002,3.5 - 3.9,
564,Lithuania,LTU,WE/EU,4.8,36,2,2002,3.4 - 7.6,
565,Luxembourg,LUX,WE/EU,9,7,2,2002,8.5 - 9.9,
566,Madagascar,MDG,SSA,1.7,98,-41,2002,1.3 - 2.5,
567,Malawi,MWI,SSA,2.9,68,-7,2002,2.0 - 4.0,
568,Malaysia,MYS,AP,4.9,33,3,2002,3.6 - 5.7,
569,Mauritius,MUS,SSA,4.5,40,0,2002,3.5 - 5.5,
570,Mexico,MEX,AME,3.6,57,-6,2002,2.5 - 4.9,
571,Moldova,MDA,ECA,2.1,93,-30,2002,1.7 - 3.0,
572,Morocco,MAR,MENA,3.7,52,5,2002,1.7 - 5.5,
573,Namibia,NAM,SSA,5.7,28,2,2002,3.6 - 8.9,
574,Netherlands,NLD,WE/EU,9,7,1,2002,8.5 - 9.3,
575,New Zealand,NZL,AP,9.5,2,1,2002,8.9 - 9.6,
576,Nicaragua,NIC,AME,2.5,81,-4,2002,1.7 - 3.4,
577,Nigeria,NGA,SSA,1.6,101,-11,2002,0.9 - 2.5,
578,Norway,NOR,WE/EU,8.5,12,-2,2002,6.9 - 9.3,
579,Pakistan,PAK,AP,2.6,77,2,2002,1.7 - 4.0,
580,Panama,PAN,AME,3,67,-16,2002,1.7 - 3.6,
581,Paraguay,PRY,AME,1.7,98,-41,2002,1.5 - 2.0,
582,Peru,PER,AME,4,45,-1,2002,3.2 - 5.0,
583,Philippines,PHL,AP,2.6,77,-12,2002,1.7 - 3.6,
584,Poland,POL,WE/EU,4,45,-1,2002,2.6 - 5.5,
585,Portugal,PRT,WE/EU,6.3,25,0,2002,5.5 - 8.0,
586,Romania,ROU,WE/EU,2.6,77,-8,2002,1.7 - 3.6,
587,Russia,RUS,ECA,2.7,71,8,2002,1.5 - 5.0,
588,Senegal,SEN,SSA,3.1,66,-1,2002,1.7 - 5.5,
589,Singapore,SGP,AP,9.3,5,-1,2002,8.9 - 9.6,
590,Slovak Republic,SVK,WE/EU,3.7,52,-1,2002,3.0 - 4.6,
591,Slovenia,SVN,WE/EU,6,27,7,2002,4.7 - 8.9,
592,South Africa,ZAF,SSA,4.8,36,2,2002,3.9 - 5.5,
593,South Korea,KOR,AP,4.5,40,2,2002,2.1 - 7.1,
594,Spain,ESP,WE/EU,7.1,20,2,2002,5.2 - 8.9,
595,Sri Lanka,LKA,AP,3.7,52,5,2002,3.3 - 4.3,
596,Sweden,SWE,WE/EU,9.3,5,1,2002,8.9 - 9.6,
597,Switzerland,CHE,WE/EU,8.5,12,0,2002,6.8 - 9.4,
598,Taiwan,TWN,AP,5.6,29,-2,2002,3.9 - 6.6,
599,Tanzania,TZA,SSA,2.7,71,11,2002,2.0 - 3.4,
600,Thailand,THA,AP,3.2,64,-3,2002,1.5 - 4.1,
601,Trinidad & Tobago,TTO,AME,4.9,33,-2,2002,3.6 - 6.9,
602,Tunisia,TUN,MENA,4.8,36,-5,2002,3.6 - 5.6,
603,Turkey,TUR,ECA,3.2,64,-10,2002,1.9 - 4.6,
604,Uganda,UGA,SSA,2.1,93,-5,2002,1.9 - 2.6,
605,Ukraine,UKR,ECA,2.4,85,-2,2002,1.7 - 3.8,
606,United Kingdom,GBR,WE/EU,8.7,10,3,2002,7.8 - 9.4,
607,Uruguay,URY,AME,5.1,32,3,2002,4.2 - 6.1,
608,USA,USA,AME,7.7,16,0,2002,5.5 - 8.7,
609,Uzbekistan,UZB,ECA,2.9,68,3,2002,2.0 - 4.1,
610,Venezuela,VEN,AME,2.5,81,-12,2002,1.5 - 3.2,
611,Vietnam,VNM,AP,2.4,85,-10,2002,1.5 - 3.6,
612,Zambia,ZMB,SSA,2.6,77,-2,2002,2.0 - 3.2,
613,Zimbabwe,ZWE,SSA,2.7,71,-6,2002,2.0 - 3.3,
614,Albania,ALB,ECA,2.5,92,-11,2003,1.9 - 3.2,
615,Algeria,DZA,MENA,2.6,88,-7,2003,2.0 - 3.0,
616,Angola,AGO,SSA,1.8,124,-26,2003,1.4 - 2.0,
617,Argentina,ARG,AME,2.5,92,-22,2003,1.6 - 3.2,
618,Armenia,ARM,ECA,3,78,3,2003,2.2 - 4.1,
619,Australia,AUS,AP,8.8,8,3,2003,6.7 - 9.5,
620,Austria,AUT,WE/EU,8,14,1,2003,7.3 - 9.3,
621,Azerbaijan,AZE,ECA,1.8,124,-29,2003,1.4 - 2.3,
622,Bahrain,BHR,MENA,6.1,27,54,2003,5.5 - 7.4,
623,Bangladesh,BGD,AP,1.3,133,-31,2003,0.3 - 2.2,
624,Belarus,BLR,ECA,4.2,53,-17,2003,2.0 - 5.8,
625,Belgium,BEL,WE/EU,7.6,17,3,2003,6.6 - 9.2,
626,Belize,BEN,SSA,4.5,46,35,2003,3.6 - 5.5,
627,Bolivia,BOL,AME,2.3,106,-17,2003,1.9 - 2.9,
628,Bosnia & Herzegovina,BIH,ECA,3.3,70,11,2003,2.2 - 3.9,
629,Botswana,BWA,SSA,5.7,30,-6,2003,4.7 - 7.3,
630,Brazil,BRA,AME,3.9,54,-9,2003,3.3 - 4.7,
631,Bulgaria,BGR,WE/EU,3.9,54,-9,2003,2.8 - 5.7,
632,Cameroon,CMR,SSA,1.8,124,-35,2003,1.4 - 2.0,
633,Canada,CAN,AME,8.7,11,-4,2003,6.5 - 9.4,
634,Chile,CHL,AME,7.4,20,-3,2003,5.6 - 8.8,
635,China,CHN,AP,3.4,66,-7,2003,2.0 - 5.5,
636,Colombia,COL,AME,3.7,59,-2,2003,2.7 - 4.4,
637,"Congo, Republic of the",COG,SSA,2.2,113,-32,2003,2.0 - 2.8,
638,Costa Rica,CRI,AME,4.3,50,-10,2003,3.5 - 5.5,
639,Cote d'Ivoire,CRI,AME,2.1,118,-78,2003,1.5 - 2.7,
640,Croatia,CIV,SSA,3.7,59,12,2003,2.6 - 4.7,
641,Cuba,HRV,WE/EU,4.6,43,8,2003,3.6 - 5.5,
642,Cyprus,CUB,AME,6.1,27,54,2003,4.7 - 7.8,
643,Czech Republic,CYP,WE/EU,3.9,54,27,2003,2.6 - 5.6,
644,Denmark,CZE,WE/EU,9.5,3,49,2003,8.8 - 9.9,
645,Dominican Republic,DNK,WE/EU,3.3,70,-68,2003,2.7 - 3.8,
646,Ecuador,DOM,AME,2.2,113,-54,2003,1.8 - 2.6,
647,Egypt,EGY,MENA,3.3,70,-8,2003,1.8 - 5.3,
648,El Salvador,SLV,AME,3.7,59,3,2003,2.0 - 6.3,
649,Estonia,EST,WE/EU,5.5,33,-4,2003,4.7 - 6.6,
650,Ethiopia,ETH,SSA,2.5,92,-33,2003,1.5 - 3.6,
651,Finland,FIN,WE/EU,9.7,1,0,2003,9.2 - 10.0,
652,France,FRA,WE/EU,6.9,23,2,2003,4.8 - 9.0,
653,Gambia,GMB,SSA,2.5,92,-11,2003,1.5 - 3.6,
654,Georgia,GEO,ECA,1.8,124,-39,2003,0.9 - 2.8,
655,Germany,DEU,WE/EU,7.7,16,2,2003,4.9 - 9.2,
656,Ghana,GHA,SSA,3.3,70,-20,2003,2.7 - 5.0,
657,Greece,GRC,WE/EU,4.3,50,-6,2003,3.7 - 5.6,
658,Guatemala,GTM,AME,2.4,100,-19,2003,1.5 - 3.4,
659,Haiti,HTI,AME,1.5,131,-42,2003,0.7 - 2.3,
660,Honduras,HND,AME,2.3,106,-35,2003,1.4 - 3.3,
661,Hong Kong,HKG,AP,8,14,0,2003,5.6 - 9.3,
662,Hungary,HUN,WE/EU,4.8,40,-7,2003,4.0 - 5.6,
663,Iceland,ISL,WE/EU,9.6,2,2,2003,9.2 - 10.0,
664,India,IND,AP,2.8,83,-12,2003,2.1 - 3.6,
665,Indonesia,IDN,AP,1.9,122,-26,2003,0.7 - 2.9,
666,Iran,IRN,MENA,3,78,3,2003,1.5 - 3.6,
667,Iraq,IRQ,MENA,2.2,113,-32,2003,1.2 - 3.4,
668,Ireland,IRL,WE/EU,7.5,18,5,2003,6.5 - 8.8,
669,Israel,ISR,MENA,7,21,-3,2003,4.7 - 8.1,
670,Italy,ITA,WE/EU,5.3,35,-4,2003,3.3 - 7.3,
671,Jamaica,JAM,AME,3.8,57,-12,2003,3.3 - 4.3,
672,Japan,JPN,AP,7,21,-1,2003,5.5 - 8.8,
673,Jordan,JOR,MENA,4.6,43,-3,2003,3.6 - 6.5,
674,Kazakhstan,KAZ,ECA,2.4,100,-12,2003,1.6 - 3.8,
675,Kenya,KEN,SSA,1.9,122,-26,2003,1.5 - 2.4,
676,Kuwait,KWT,MENA,5.3,35,46,2003,3.3 - 7.4,
677,Kyrgyzstan,KGZ,ECA,2.1,118,-37,2003,1.6 - 2.7,
678,Latvia,LVA,WE/EU,3.8,57,-5,2003,3.4 - 4.7,
679,Lebanon,LBN,MENA,3,78,3,2003,2.1 - 3.6,
680,Libya,LBY,MENA,2.1,118,-37,2003,1.7 - 2.7,
681,Lithuania,LTU,WE/EU,4.7,41,-5,2003,3.0 - 7.7,
682,Luxembourg,LUX,WE/EU,8.7,11,-4,2003,8.0 - 9.2,
683,Macedonia,MKD,ECA,2.3,106,-25,2003,2.0 - 2.7,
684,Madagascar,MDG,SSA,2.6,88,10,2003,1.2 - 4.7,
685,Malawi,MWI,SSA,2.8,83,-15,2003,2.0 - 4.4,
686,Malaysia,MYS,AP,5.2,37,-4,2003,3.6 - 8.0,
687,Mali,MLI,SSA,3,78,3,2003,1.4 - 5.0,
688,Mauritius,MUS,SSA,4.4,48,-8,2003,3.6 - 5.5,
689,Mexico,MEX,AME,3.6,64,-7,2003,2.4 - 4.9,
690,Moldova,MDA,ECA,2.4,100,-7,2003,1.6 - 3.6,
691,Morocco,MAR,MENA,3.3,70,-18,2003,2.4 - 5.5,
692,Mozambique,MOZ,SSA,2.7,86,-5,2003,2.0 - 3.6,
693,Myanmar,MMR,AP,1.6,129,-48,2003,1.4 - 2.0,
694,Namibia,NAM,SSA,4.7,41,-13,2003,3.6 - 6.6,
695,Netherlands,NLD,WE/EU,8.9,7,0,2003,8.5 - 9.3,
696,New Zealand,NZL,AP,9.5,3,-1,2003,9.2 - 9.6,
697,Nicaragua,NIC,AME,2.6,88,-7,2003,2.0 - 3.3,
698,Nigeria,NGA,SSA,1.4,132,-31,2003,0.9 - 2.0,
699,Norway,NOR,WE/EU,8.8,8,4,2003,8.0 - 9.3,
700,Oman,OMN,MENA,6.3,26,55,2003,5.5 - 7.3,
701,Pakistan,PAK,AP,2.5,92,-15,2003,1.5 - 3.9,
702,Palestine,PSE,MENA,3,78,3,2003,2.0 - 4.3,
703,Panama,PAN,AME,3.4,66,1,2003,2.7 - 5.0,
704,Papua New Guinea,PNG,AP,2.1,118,-37,2003,1.5 - 2.7,
705,Paraguay,PRY,AME,1.6,129,-31,2003,1.2 - 2.0,
706,Peru,PER,AME,3.7,59,-14,2003,2.7 - 4.9,
707,Philippines,PHL,AP,2.5,92,-15,2003,1.6 - 3.6,
708,Poland,POL,WE/EU,3.6,64,-19,2003,2.4 - 5.6,
709,Portugal,PRT,WE/EU,6.6,25,0,2003,4.9 - 8.1,
710,Qatar,QAT,MENA,5.6,32,49,2003,5.5 - 5.7,
711,Romania,ROU,WE/EU,2.8,83,-6,2003,1.6 - 5.0,
712,Russia,RUS,ECA,2.7,86,-15,2003,1.4 - 4.9,
713,Saudi Arabia,SAU,MENA,4.5,46,35,2003,2.8 - 7.4,
714,Senegal,SEN,SSA,3.2,76,-10,2003,2.2 - 5.5,
715,Serbia & Montenegro,SRB,ECA,2.3,106,-25,2003,2.0 - 3.2,
716,Sierra Leone,SLE,SSA,2.2,113,-32,2003,2.0 - 2.8,
717,Singapore,SGP,AP,9.4,5,0,2003,9.2 - 9.5,
718,Slovakia,SVK,WE/EU,3.7,59,-7,2003,2.9 - 4.7,
719,Slovenia,SVN,WE/EU,5.9,29,-2,2003,4.7 - 8.8,
720,South Africa,ZAF,SSA,4.4,48,-12,2003,3.6 - 5.5,
721,South Korea,KOR,AP,4.3,50,-10,2003,2.0 - 5.6,
722,Spain,ESP,WE/EU,6.9,23,-3,2003,5.2 - 7.8,
723,Sri Lanka,LKA,AP,3.4,66,-14,2003,2.4 - 4.4,
724,Sudan,SDN,SSA,2.3,106,-25,2003,2.0 - 2.7,
725,Sweden,SWE,WE/EU,9.3,6,-1,2003,8.8 - 9.6,
726,Switzerland,CHE,WE/EU,8.8,8,4,2003,6.9 - 9.4,
727,Syria,SYR,MENA,3.4,66,15,2003,2.0 - 5.0,
728,Taiwan,TWN,AP,5.7,30,-1,2003,3.6 - 7.8,
729,Tajikistan,TJK,ECA,1.8,124,-43,2003,1.5 - 2.0,
730,Tanzania,TZA,SSA,2.5,92,-21,2003,2.0 - 3.3,
731,Thailand,THA,AP,3.3,70,-6,2003,1.4 - 4.4,
732,Trinidad and Tobago,TTO,AME,4.6,43,-10,2003,3.4 - 6.9,
733,Tunisia,TUN,MENA,4.9,39,-3,2003,3.6 - 5.6,
734,Turkey,TUR,ECA,3.1,77,-13,2003,1.8 - 5.4,
735,Uganda,UGA,SSA,2.2,113,-20,2003,1.8 - 3.5,
736,Ukraine,UKR,ECA,2.3,106,-21,2003,1.6 - 3.8,
737,United Arab Emirates,ARE,MENA,5.2,37,44,2003,4.6 - 5.6,
738,United Kingdom,GBR,WE/EU,8.7,11,-1,2003,7.8 - 9.2,
739,Uruguay,URY,AME,5.5,33,-1,2003,4.1 - 7.4,
740,USA,USA,AME,7.5,18,-2,2003,4.9 - 9.2,
741,Uzbekistan,UZB,ECA,2.4,100,-32,2003,2.0 - 3.3,
742,Venezuela,VEN,AME,2.4,100,-19,2003,1.4 - 3.1,
743,Vietnam,VNM,AP,2.4,100,-15,2003,1.4 - 3.6,
744,Yemen,YEM,MENA,2.6,88,-7,2003,2.0 - 3.4,
745,Zambia,ZMB,SSA,2.5,92,-15,2003,2.0 - 3.3,
746,Zimbabwe,ZWE,SSA,2.3,106,-35,2003,2.0 - 2.7,
747,Albania,ALB,ECA,2.5,108,-16,2004,2.0 - 3.0,
748,Algeria,DZA,MENA,2.7,97,-9,2004,2.3 - 3.0,
749,Angola,AGO,SSA,2,133,-9,2004,1.7 - 2.1,
750,Argentina,ARG,AME,2.5,108,-16,2004,2.2 - 2.8,
751,Armenia,ARM,ECA,3.1,82,-4,2004,2.4 - 3.7,
752,Australia,AUS,AP,8.8,9,-1,2004,8.4 - 9.1,
753,Austria,AUT,WE/EU,8.4,13,1,2004,8.1 - 8.8,
754,Azerbaijan,AZE,ECA,1.9,140,-16,2004,1.8 - 2.0,
755,Bahrain,BHR,MENA,5.8,34,-7,2004,5.5 - 6.2,
756,Bangladesh,BGD,AP,1.5,145,-12,2004,1.1 - 1.9,
757,Barbados,BRB,AME,7.3,21,71,2004,6.6 - 7.6,
758,Belarus,BLR,ECA,3.3,74,-21,2004,1.9 - 4.8,
759,Belgium,BEL,WE/EU,7.5,17,0,2004,7.1 - 8.0,
760,Belize,BEN,SSA,3.8,60,-14,2004,3.4 - 4.1,
761,Benin,BOL,AME,3.2,77,29,2004,2.0 - 4.3,
762,Bolivia,BOL,AME,2.2,122,-16,2004,2.1 - 2.3,
763,Bosnia and Herzegovina,BIH,ECA,3.1,82,-12,2004,2.7 - 3.5,
764,Botswana,BWA,SSA,6,31,-1,2004,5.3 - 6.8,
765,Brazil,BRA,AME,3.9,59,-5,2004,3.7 - 4.1,
766,Bulgaria,BGR,WE/EU,4.1,54,0,2004,3.7 - 4.6,
767,Cameroon,CMR,SSA,2.1,129,-5,2004,1.9 - 2.3,
768,Canada,CAN,AME,8.5,12,-1,2004,8.1 - 8.9,
769,Chad,TCD,SSA,1.7,142,-50,2004,1.1 - 2.3,
770,Chile,CHL,AME,7.4,20,0,2004,7.0 - 7.8,
771,China,CHN,AP,3.4,71,-5,2004,3.0 - 3.8,
772,Colombia,COL,AME,3.8,60,-1,2004,3.4 - 4.1,
773,Congo. Democratic Republic,COD,SSA,2,133,-41,2004,1.5 - 2.2,
774,Congo. Republic of,COG,SSA,2.3,114,-1,2004,2.0 - 2.7,
775,Costa Rica,CRI,AME,4.9,41,9,2004,4.2 - 5.8,
776,Cote du00b4Ivoire,CIV,SSA,2,133,-74,2004,1.7 - 2.2,
777,Croatia,HRV,WE/EU,3.5,67,-24,2004,3.3 - 3.8,
778,Cuba,CUB,AME,3.7,62,-35,2004,2.2 - 4.7,
779,Cyprus,CYP,WE/EU,5.4,36,18,2004,5.0 - 5.8,
780,Czech Republic,CZE,WE/EU,4.2,51,-48,2004,3.7 - 4.9,
781,Denmark,DNK,WE/EU,9.5,3,67,2004,9.3 - 9.7,
782,Dominican Republic,DOM,AME,2.9,87,26,2004,2.4 - 3.3,
783,Ecuador,ECU,AME,2.4,112,-20,2004,2.3 - 2.5,
784,Egypt,EGY,MENA,3.2,77,-7,2004,2.7 - 3.8,
785,El Salvador,SLV,AME,4.2,51,8,2004,3.3 - 5.1,
786,Eritrea,ERI,SSA,2.6,102,-10,2004,1.6 - 3.4,
787,Estonia,EST,WE/EU,6,31,2,2004,5.6 - 6.7,
788,Ethiopia,ETH,SSA,2.3,114,-22,2004,1.9 - 2.9,
789,Finland,FIN,WE/EU,9.7,1,0,2004,9.5 - 9.8,
790,France,FRA,WE/EU,7.1,22,1,2004,6.6 - 7.6,
791,Gabon,GAB,SSA,3.3,74,18,2004,2.1 - 3.7,
792,Gambia,GMB,SSA,2.8,90,2,2004,2.2 - 3.4,
793,Georgia,GEO,ECA,2,133,-9,2004,1.6 - 2.3,
794,Germany,DEU,WE/EU,8.2,15,1,2004,8.0 - 8.5,
795,Ghana,GHA,SSA,3.6,64,6,2004,3.1 - 4.1,
796,Greece,GRC,WE/EU,4.3,49,1,2004,4.0 - 4.8,
797,Guatemala,GTM,AME,2.2,122,-22,2004,2.0 - 2.4,
798,Haiti,HTI,AME,1.5,145,-14,2004,1.2 - 1.9,
799,Honduras,HND,AME,2.3,114,-8,2004,2.0 - 2.6,
800,Hong Kong,HKG,AP,8,16,-2,2004,7.1 - 8.5,
801,Hungary,HUN,WE/EU,4.8,42,-2,2004,4.6 - 5.0,
802,Iceland,ISL,WE/EU,9.5,3,-1,2004,9.4 - 9.7,
803,India,IND,AP,2.8,90,-7,2004,2.6 - 3.0,
804,Indonesia,IDN,AP,2,133,-11,2004,1.7 - 2.2,
805,Iran,IRN,MENA,2.9,87,-9,2004,2.2 - 3.4,
806,Iraq,IRQ,MENA,2.1,129,-16,2004,1.3 - 2.8,
807,Ireland,IRL,WE/EU,7.5,17,1,2004,7.2 - 7.9,
808,Israel,ISR,MENA,6.4,26,-5,2004,5.6 - 7.1,
809,Italy,ITA,WE/EU,4.8,42,-7,2004,4.4 - 5.1,
810,Jamaica,JAM,AME,3.3,74,-17,2004,2.8 - 3.7,
811,Japan,JPN,AP,6.9,24,-3,2004,6.2 - 7.4,
812,Jordan,JOR,MENA,5.3,37,6,2004,4.6 - 5.9,
813,Kazakhstan,KAZ,ECA,2.2,122,-22,2004,1.8 - 2.7,
814,Kenya,KEN,SSA,2.1,129,-7,2004,1.9 - 2.4,
815,Kuwait,KWT,MENA,4.6,44,-9,2004,3.8 - 5.3,
816,Kyrgyzstan,KGZ,ECA,2.2,122,-4,2004,2.0 - 2.5,
817,Latvia,LVA,WE/EU,4,57,0,2004,3.8 - 4.3,
818,Lebanon,LBN,MENA,2.7,97,-19,2004,2.1 - 3.2,
819,Libya,LBY,MENA,2.5,108,10,2004,1.9 - 3.0,
820,Lithuania,LTU,WE/EU,4.6,44,-3,2004,4.0 - 5.4,
821,Luxembourg,LUX,WE/EU,8.4,13,-2,2004,8.0 - 8.9,
822,Macedonia,MKD,ECA,2.7,97,9,2004,2.3 - 3.2,
823,Madagascar,MDG,SSA,3.1,82,6,2004,1.8 - 4.4,
824,Malawi,MWI,SSA,2.8,90,-7,2004,2.2 - 3.7,
825,Malaysia,MYS,AP,5,39,-2,2004,4.5 - 5.6,
826,Mali,MLI,SSA,3.2,77,1,2004,2.2 - 4.2,
827,Malta,MLT,WE/EU,6.8,25,67,2004,5.3 - 8.2,
828,Mauritius,MUS,SSA,4.1,54,-6,2004,3.2 - 4.8,
829,Mexico,MEX,AME,3.6,64,0,2004,3.3 - 3.8,
830,Moldova,MDA,ECA,2.3,114,-14,2004,2.0 - 2.8,
831,Mongolia,MNG,AP,3,85,7,2004,2.6 - 3.2,
832,Morocco,MAR,MENA,3.2,77,-7,2004,2.9 - 3.5,
833,Mozambique,MOZ,SSA,2.8,90,-4,2004,2.4 - 3.1,
834,Myanmar,MMR,AP,1.7,142,-13,2004,1.5 - 2.0,
835,Namibia,NAM,SSA,4.1,54,-13,2004,3.5 - 4.6,
836,Nepal,NPL,AP,2.8,90,2,2004,1.6 - 3.4,
837,Netherlands,NLD,WE/EU,8.7,10,-3,2004,8.5 - 8.9,
838,New Zealand,NZL,AP,9.6,2,1,2004,9.4 - 9.6,
839,Nicaragua,NIC,AME,2.7,97,-9,2004,2.5 - 3.0,
840,Niger,NER,SSA,2.2,122,-30,2004,2.0 - 2.5,
841,Nigeria,NGA,SSA,1.6,144,-12,2004,1.4 - 1.8,
842,Norway,NOR,WE/EU,8.9,8,0,2004,8.6 - 9.1,
843,Oman,OMN,MENA,6.1,29,-3,2004,5.1 - 6.8,
844,Pakistan,PAK,AP,2.1,129,-37,2004,1.6 - 2.6,
845,Palestinian Authority,PSE,MENA,2.5,108,-30,2004,2.0 - 2.7,
846,Panama,PAN,AME,3.7,62,4,2004,3.4 - 4.2,
847,Papua New Guinea,PNG,AP,2.6,102,16,2004,1.9 - 3.4,
848,Paraguay,PRY,AME,1.9,140,-11,2004,1.7 - 2.2,
849,Peru,PER,AME,3.5,67,-8,2004,3.3 - 3.7,
850,Philippines,PHL,AP,2.6,102,-10,2004,2.4 - 2.9,
851,Poland,POL,WE/EU,3.5,67,-3,2004,3.1 - 3.9,
852,Portugal,PRT,WE/EU,6.3,27,-2,2004,5.8 - 6.8,
853,Qatar,QAT,MENA,5.2,38,-6,2004,4.6 - 5.6,
854,Romania,ROU,WE/EU,2.9,87,-4,2004,2.5 - 3.4,
855,Russia,RUS,ECA,2.8,90,-4,2004,2.5 - 3.1,
856,Saudi Arabia,SAU,MENA,3.4,71,-25,2004,2.7 - 4.0,
857,Senegal,SEN,SSA,3,85,-9,2004,2.5 - 3.5,
858,Serbia and Montenegro,SRB,ECA,2.7,97,9,2004,2.3 - 3.0,
859,Seychelles,SYC,SSA,4.4,48,44,2004,3.7 - 5.0,
860,Sierra Leone,SLE,SSA,2.3,114,-1,2004,2.0 - 2.7,
861,Singapore,SGP,AP,9.3,5,0,2004,9.2 - 9.4,
862,Slovakia,SVK,WE/EU,4,57,2,2004,3.6 - 4.5,
863,Slovenia,SVN,WE/EU,6,31,-2,2004,5.6 - 6.6,
864,South Africa,ZAF,SSA,4.6,44,4,2004,4.2 - 5.0,
865,South Korea,KOR,AP,4.5,47,3,2004,4.0 - 4.9,
866,Spain,ESP,WE/EU,7.1,22,1,2004,6.7 - 7.4,
867,Sri Lanka,LKA,AP,3.5,67,-1,2004,3.1 - 3.9,
868,Sudan,SDN,SSA,2.2,122,-16,2004,2.0 - 2.3,
869,Suriname,SUR,AME,4.3,49,43,2004,2.1 - 5.8,
870,Sweden,SWE,WE/EU,9.2,6,0,2004,9.1 - 9.3,
871,Switzerland,CHE,WE/EU,9.1,7,1,2004,8.9 - 9.2,
872,Syria,SYR,MENA,3.4,71,-5,2004,2.8 - 4.1,
873,Taiwan,TWN,AP,5.6,35,-5,2004,5.2 - 6.1,
874,Tajikistan,TJK,ECA,2,133,-9,2004,1.7 - 2.4,
875,Tanzania,TZA,SSA,2.8,90,2,2004,2.4 - 3.2,
876,Thailand,THA,AP,3.6,64,6,2004,3.3 - 3.9,
877,Trinidad and Tobago,TTO,AME,4.2,51,-8,2004,3.6 - 5.2,
878,Tunisia,TUN,MENA,5,39,0,2004,4.5 - 5.6,
879,Turkey,TUR,ECA,3.2,77,0,2004,2.8 - 3.7,
880,Turkmenistan,TKM,ECA,2,133,-41,2004,1.6 - 2.3,
881,Uganda,UGA,SSA,2.6,102,11,2004,2.1 - 3.1,
882,Ukraine,UKR,ECA,2.2,122,-16,2004,2.0 - 2.4,
883,United Arab Emirates,ARE,MENA,6.1,29,8,2004,5.1 - 7.1,
884,United Kingdom,GBR,WE/EU,8.6,11,0,2004,8.4 - 8.8,
885,Uruguay,USA,AME,6.2,28,-10,2004,5.9 - 6.7,
886,USA,URY,AME,7.5,17,16,2004,6.9 - 8.0,
887,Uzbekistan,UZB,ECA,2.3,114,-14,2004,2.1 - 2.4,
888,Venezuela,VEN,AME,2.3,114,-14,2004,2.2 - 2.5,
889,Vietnam,VNM,AP,2.6,102,-2,2004,2.3 - 2.9,
890,Yemen,YEM,MENA,2.4,112,-24,2004,1.9 - 2.9,
891,Zambia,ZMB,SSA,2.6,102,-10,2004,2.3 - 2.9,
892,Zimbabwe,ZWE,SSA,2.3,114,-8,2004,1.9 - 2.7,
893,Iceland,ISL,WE/EU,9.7,1,2,2005,,9.5 - 9.7
894,Finland,FIN,WE/EU,9.6,2,-1,2005,,9.5 - 9.7
895,New Zealand,NZL,AP,9.6,2,0,2005,,9.5 - 9.7
896,Denmark,DNK,WE/EU,9.5,4,-1,2005,,9.3 - 9.6
897,Singapore,SGP,AP,9.4,5,0,2005,,9.3 - 9.5
898,Sweden,SWE,WE/EU,9.2,6,0,2005,,9.0 - 9.3
899,Switzerland,CHE,WE/EU,9.1,7,0,2005,,8.9 - 9.2
900,Norway,NOR,WE/EU,8.9,8,0,2005,,8.5 - 9.1
901,Australia,AUS,AP,8.8,9,0,2005,,8.4 - 9.1
902,Austria,AUT,WE/EU,8.7,10,3,2005,,8.4 - 9.0
903,Netherlands,NLD,WE/EU,8.6,11,-1,2005,,8.3 - 8.9
904,United Kingdom,GBR,WE/EU,8.6,11,0,2005,,8.3 - 8.8
905,Luxembourg,LUX,WE/EU,8.5,13,0,2005,,8.1 - 8.9
906,Canada,CAN,AME,8.4,14,-2,2005,,7.9 - 8.8
907,Hong Kong,HKG,AP,8.3,15,1,2005,,7.7 - 8.7
908,Germany,DEU,WE/EU,8.2,16,-1,2005,,7.9 - 8.5
909,USA,USA,AME,7.6,17,11,2005,,7.0 - 8.0
910,France,FRA,WE/EU,7.5,18,4,2005,,7.0 - 7.8
911,Belgium,BEL,WE/EU,7.4,19,-2,2005,,6.9 - 7.9
912,Ireland,IRL,WE/EU,7.4,19,-2,2005,,6.9 - 7.9
913,Chile,CHL,AME,7.3,21,-1,2005,,6.8 - 7.7
914,Japan,JPN,AP,7.3,21,3,2005,,6.7 - 7.8
915,Spain,ESP,WE/EU,7,23,-1,2005,,6.6 - 7.4
916,Barbados,BRB,AME,6.9,24,-3,2005,,5.7 - 7.3
917,Malta,MLT,WE/EU,6.6,25,0,2005,,5.4 - 7.7
918,Portugal,PRT,WE/EU,6.5,26,1,2005,,5.9 - 7.1
919,Estonia,EST,WE/EU,6.4,27,4,2005,,6.0 - 7.0
920,Israel,ISR,MENA,6.3,28,-2,2005,,5.7 - 6.9
921,Oman,OMN,MENA,6.3,28,1,2005,,5.2 - 7.3
922,United Arab Emirates,ARE,MENA,6.2,30,-1,2005,,5.3 - 7.1
923,Slovenia,SVN,WE/EU,6.1,31,0,2005,,5.7 - 6.8
924,Botswana,BWA,SSA,5.9,32,-1,2005,,5.1 - 6.7
925,Qatar,QAT,MENA,5.9,32,6,2005,,5.6 - 6.4
926,Taiwan,TWN,AP,5.9,32,3,2005,,5.4 - 6.3
927,Uruguay,URY,AME,5.9,32,-15,2005,,5.6 - 6.4
928,Bahrain,BHR,MENA,5.8,36,-2,2005,,5.3 - 6.3
929,Cyprus,CYP,WE/EU,5.7,37,-1,2005,,5.3 - 6.0
930,Jordan,JOR,MENA,5.7,37,0,2005,,5.1 - 6.1
931,Malaysia,MYS,AP,5.1,39,0,2005,,4.6 - 5.6
932,Hungary,HUN,WE/EU,5,40,2,2005,,4.7 - 5.2
933,Italy,ITA,WE/EU,5,40,2,2005,,4.6 - 5.4
934,South Korea,KOR,AP,5,40,7,2005,,4.6 - 5.3
935,Tunisia,TUN,MENA,4.9,43,-4,2005,,4.4 - 5.6
936,Lithuania,LTU,WE/EU,4.8,44,0,2005,,4.5 - 5.1
937,Kuwait,KWT,MENA,4.7,45,-1,2005,,4.0 - 5.2
938,South Africa,ZAF,SSA,4.5,46,-2,2005,,4.2 - 4.8
939,Czech Republic,CZE,WE/EU,4.3,47,4,2005,,3.7 - 5.1
940,Greece,GRC,WE/EU,4.3,47,2,2005,,3.9 - 4.7
941,Namibia,NAM,SSA,4.3,47,7,2005,,3.8 - 4.9
942,Slovakia,SVK,WE/EU,4.3,47,10,2005,,3.8 - 4.8
943,Costa Rica,CRI,AME,4.2,51,-10,2005,,3.7 - 4.7
944,El Salvador,SLV,AME,4.2,51,0,2005,,3.5 - 4.8
945,Latvia,LVA,WE/EU,4.2,51,6,2005,,3.8 - 4.6
946,Mauritius,MUS,SSA,4.2,51,3,2005,,3.4 - 5.0
947,Bulgaria,BGR,WE/EU,4,55,-1,2005,,3.4 - 4.6
948,Colombia,COL,AME,4,55,5,2005,,3.6 - 4.4
949,Fiji,FJI,AP,4,55,53,2005,,3.4 - 4.6
950,Seychelles,SYC,SSA,4,55,-7,2005,,3.5 - 4.2
951,Cuba,CUB,AME,3.8,59,3,2005,,2.3 - 4.7
952,Thailand,THA,AP,"3,8",59,5,2005,,3.5 - 4.1
953,Trinidad and Tobago,TTO,AME,"3,8",59,-8,2005,,3.3 - 4.5
954,Belize,BLZ,AME,3.7,62,46,2005,,3.4 - 4.1
955,Brazil,BRA,AME,"3,7",62,-3,2005,,3.5 - 3.9
956,Jamaica,JAM,AME,3.6,64,10,2005,,3.4 - 3.8
957,Ghana,GHA,SSA,3.5,65,-1,2005,,3.2 - 4.0
958,Mexico,MEX,AME,3.5,65,-1,2005,,3.3 - 3.7
959,Panama,PAN,AME,3.5,65,-3,2005,,3.1 - 4.1
960,Peru,PER,AME,3.5,65,2,2005,,3.1 - 3.8
961,Turkey,TUR,ECA,3.5,65,12,2005,,3.1 - 4.0
962,Burkina Faso,BFA,SSA,3.4,70,38,2005,,2.7 - 3.9
963,Croatia,HRV,WE/EU,3.4,70,-3,2005,,3.2 - 3.7
964,Egypt,EGY,MENA,3.4,70,7,2005,,3.0 - 3.9
965,Lesotho,LSO,SSA,3.4,70,38,2005,,2.6 - 3.9
966,Poland,POL,WE/EU,3.4,70,-3,2005,,3.0 - 3.9
967,Saudi Arabia,SAU,MENA,3.4,70,1,2005,,2.7 - 4.1
968,Syria,SYR,MENA,3.4,70,1,2005,,2.8 - 4.2
969,Laos,LAO,AP,3.3,77,31,2005,,2.1 - 4.4
970,China,CHN,AP,3.2,78,-7,2005,,2.9 - 3.5
971,Morocco,MAR,MENA,3.2,78,-1,2005,,2.8 - 3.6
972,Senegal,SEN,SSA,3.2,78,7,2005,,2.8 - 3.6
973,Sri Lanka,LKA,AP,3.2,78,-11,2005,,2.7 - 3.6
974,Suriname,SUR,AME,3.2,78,-29,2005,,2.2 - 3.6
975,Lebanon,LBN,MENA,3.1,83,14,2005,,2.7 - 3.3
976,Rwanda,RWA,SSA,3.1,83,25,2005,,2.1 - 4.1
977,Dominican Republic,DOM,AME,3,85,2,2005,,2.5 - 3.6
978,Mongolia,MNG,AP,3,85,0,2005,,2.4 - 3.6
979,Romania,ROU,WE/EU,3,85,2,2005,,2.6 - 3.5
980,Armenia,ARM,ECA,2.9,88,-6,2005,,2.5 - 3.2
981,Benin,BEN,SSA,2.9,88,-28,2005,,2.1 - 4.0
982,Bosnia and Herzegovina,BIH,ECA,2.9,88,-6,2005,,2.7 - 3.1
983,Gabon,GAB,SSA,2.9,88,-14,2005,,2.1 - 3.6
984,India,IND,AP,2.9,88,2,2005,,2.7 - 3.1
985,Iran,IRN,MENA,2.9,88,-1,2005,,2.3 - 3.3
986,Mali,MLI,SSA,2.9,88,-11,2005,,2.3 - 3.6
987,Moldova,MDA,ECA,2.9,88,26,2005,,2.3 - 3.7
988,Tanzania,TZA,SSA,2.9,88,2,2005,,2.6 - 3.1
989,Algeria,DZA,MENA,2.8,97,0,2005,,2.5 - 3.3
990,Argentina,ARG,AME,2.8,97,11,2005,,2.5 - 3.1
991,Madagascar,MDG,SSA,2.8,97,-15,2005,,1.9 - 3.7
992,Malawi,MWI,SSA,2.8,97,-7,2005,,2.3 - 3.4
993,Mozambique,MOZ,SSA,2.8,97,-7,2005,,2.4 - 3.1
994,Serbia and Montenegro,SRB,ECA,2.8,97,0,2005,,2.5 - 3.3
995,Gambia,GMB,SSA,2.7,103,-13,2005,,2.3 - 3.1
996,Macedonia,MKD,ECA,2.7,103,-6,2005,,2.4 - 3.2
997,Swaziland,SWZ,AME,2.7,103,5,2005,,2.0 - 3.1
998,Yemen,YEM,MENA,2.7,103,9,2005,,2.4 - 3.2
999,Belarus,BLR,ECA,2.6,107,-33,2005,,1.9 - 3.8
1000,Eritrea,ERI,SSA,2.6,107,-5,2005,,1.7 - 3.5
1001,Honduras,HND,AME,2.6,107,7,2005,,2.2 - 3.0
1002,Kazakhstan,KAZ,ECA,2.6,107,15,2005,,2.2 - 3.2
1003,Nicaragua,NIC,AME,2.6,107,-10,2005,,2.4 - 2.8
1004,Palestine,PSE,MENA,2.6,107,1,2005,,2.1 - 2.8
1005,Ukraine,UKR,ECA,2.6,107,15,2005,,2.4 - 2.8
1006,Vietnam,VNM,AP,2.6,107,-5,2005,,2.3 - 2.9
1007,Zambia,ZMB,SSA,2.6,107,-5,2005,,2.3 - 2.9
1008,Zimbabwe,ZWE,SSA,2.6,107,7,2005,,2.1 - 3.0
1009,Afghanistan,AFG,AP,2.5,117,-9,2005,,1.6 - 3.2
1010,Bolivia,BOL,AME,2.5,117,-40,2005,,2.3 - 2.9
1011,Ecuador,ECU,AME,2.5,117,-5,2005,,2.2 - 2.9
1012,Guatemala,GTM,AME,2.5,117,5,2005,,2.1 - 2.8
1013,Guyana,GUY,AME,2.5,117,-9,2005,,2.0 - 2.7
1014,Libya,LBY,MENA,2.5,117,-9,2005,,2.0 - 3.0
1015,Nepal,NPL,AP,2.5,117,-27,2005,,1.9 - 3.0
1016,Philippines,PHL,AP,2.5,117,-15,2005,,2.3 - 2.8
1017,Uganda,UGA,SSA,2.5,117,-15,2005,,2.2 - 2.8
1018,Albania,ALB,ECA,2.4,126,-18,2005,,2.1 - 2.7
1019,Niger,NER,SSA,2.4,126,-4,2005,,2.2 - 2.6
1020,Russia,RUS,ECA,2.4,126,-36,2005,,2.3 - 2.6
1021,Sierra Leone,SLE,SSA,2.4,126,-12,2005,,2.1 - 2.7
1022,Burundi,BDI,SSA,2.3,130,-22,2005,,2.1 - 2.5
1023,Cambodia,KHM,AP,2.3,130,-22,2005,,1.9 - 2.5
1024,"Congo, Republic of",COG,SSA,2.3,130,-16,2005,,2.1 - 2.6
1025,Georgia,GEO,ECA,2.3,130,3,2005,,2.0 - 2.6
1026,Kyrgyzstan,KGZ,ECA,2.3,130,-8,2005,,2.1 - 2.5
1027,Papua New Guinea,PNG,AP,2.3,130,-28,2005,,1.9 - 2.6
1028,Venezuela,VEN,AME,2.3,130,-16,2005,,2.2 -2.4
1029,Azerbaijan,AZE,ECA,2.2,137,3,2005,,1.9 - 2.5
1030,Cameroon,CMR,SSA,2.2,137,-8,2005,,2.0 - 2.5
1031,Ethiopia,ETH,SSA,2.2,137,-23,2005,,2.0 - 2.5
1032,Indonesia,IDN,AP,2.2,137,-4,2005,,2.1 - 2.5
1033,Iraq,IRQ,MENA,2.2,137,-8,2005,,1.5 - 2.9
1034,Liberia,LBR,SSA,2.2,137,-29,2005,,2.1 - 2.3
1035,Uzbekistan,UZB,ECA,2.2,137,-23,2005,,2.1 - 2.4
1036,"Congo, Democratic Republic",COD,SSA,2.1,144,-11,2005,,1.8 - 2.3
1037,Kenya,KEN,SSA,2.1,144,-15,2005,,1.8 - 2.4
1038,Pakistan,PAK,AP,2.1,144,-15,2005,,1.7 - 2.6
1039,Paraguay,PRY,AME,2.1,144,-4,2005,,1.9 - 2.3
1040,Somalia,SOM,SSA,2.1,144,-36,2005,,1.6 - 2.2
1041,Sudan,SDN,SSA,2.1,144,-22,2005,,1.9 - 2.2
1042,Tajikistan,TJK,ECA,2.1,144,-11,2005,,1.9 - 2.4
1043,Angola,AGO,SSA,2,151,-18,2005,,1.8 - 2.1
1044,Cote d'Ivoire,CIV,SSA,1.9,152,-19,2005,,1.7 - 2.1
1045,Equatorial Guinea,GNQ,SSA,1.9,152,-44,2005,,1.6 - 2.1
1046,Nigeria,NGA,SSA,1.9,152,-8,2005,,1.7 - 2.0
1047,Haiti,HTI,AME,1.8,155,-10,2005,,1.5 - 2.1
1048,Myanmar,MMR,AP,1.8,155,-13,2005,,1.7 - 2.0
1049,Turkmenistan,TKM,ECA,1.8,155,-22,2005,,1.7 - 2.0
1050,Bangladesh,BGD,AP,1.7,158,-13,2005,,1.4 - 2.0
1051,Chad,TCD,SSA,1.7,158,-16,2005,,1.3 - 2.1
1052,Finland,FIN,WE/EU,9.6,1,1,2006,9.4 - 9.7,
1053,Iceland,ISL,WE/EU,9.6,1,0,2006,9.5 - 9.7,
1054,New Zealand,NZL,AP,9.6,1,1,2006,9.4 - 9.6,
1055,Denmark,DNK,WE/EU,9.5,4,0,2006,9.4 - 9.6,
1056,Singapore,SGP,AP,9.4,5,0,2006,9.2 - 9.5,
1057,Sweden,SWE,WE/EU,9.2,6,0,2006,9.0 - 9.3,
1058,Switzerland,CHE,WE/EU,9.1,7,0,2006,8.9 - 9.2,
1059,Norway,NOR,WE/EU,8.8,8,0,2006,8.4 - 9.1,
1060,Australia,AUS,AP,8.7,9,0,2006,8.3 - 9.0,
1061,Netherlands,NLD,WE/EU,8.7,9,2,2006,8.3 - 9.0,
1062,Austria,AUT,WE/EU,8.6,11,-1,2006,8.2 - 8.9,
1063,Luxembourg,LUX,WE/EU,8.6,11,2,2006,8.1 - 9.0,
1064,United Kingdom,GBR,WE/EU,8.6,11,0,2006,8.2 - 8.9,
1065,Canada,CAN,AME,8.5,14,0,2006,8.0 - 8.9,
1066,Hong Kong,HKG,AP,8.3,15,0,2006,7.7 - 8.8,
1067,Germany,DEU,WE/EU,8,16,0,2006,7.8 - 8.4,
1068,Japan,JPN,AP,7.6,17,4,2006,7.0 - 8.1,
1069,France,FRA,WE/EU,7.4,18,0,2006,6.7 - 7.8,
1070,Ireland,IRL,WE/EU,7.4,18,1,2006,6.7 - 7.9,
1071,Belgium,BEL,WE/EU,7.3,20,-1,2006,6.6 - 7.9,
1072,Chile,CHL,AME,7.3,20,1,2006,6.6 - 7.6,
1073,USA,USA,AME,7.3,20,-3,2006,6.6 - 7.8,
1074,Spain,ESP,WE/EU,6.8,23,0,2006,6.3 - 7.2,
1075,Barbados,BRB,AME,6.7,24,0,2006,6.0 - 7.2,
1076,Estonia,EST,WE/EU,6.7,24,3,2006,6.1 - 7.4,
1077,Macau,MAC,MO,6.6,26,-25,2006,5.4 - 7.1,
1078,Portugal,PRT,WE/EU,6.6,26,0,2006,5.9 - 7.3,
1079,Malta,MLT,WE/EU,6.4,28,-3,2006,5.4 - 7.3,
1080,Slovenia,SVN,WE/EU,6.4,28,3,2006,5.7 - 7.0,
1081,Uruguay,URY,AME,6.4,28,4,2006,5.9 - 7.0,
1082,United Arab Emirates,ARE,MENA,6.2,31,-1,2006,5.6 - 6.9,
1083,Bhutan,BTN,AP,6,32,-31,2006,4.1 - 7.3,
1084,Qatar,QAT,MENA,6,32,0,2006,5.6 - 6.5,
1085,Israel,ISR,MENA,5.9,34,-6,2006,5.2 - 6.5,
1086,Taiwan,TWN,AP,5.9,34,-2,2006,5.6 - 6.2,
1087,Bahrain,BHR,MENA,5.7,36,0,2006,5.3 - 6.2,
1088,Botswana,BWA,SSA,5.6,37,-5,2006,4.8 - 6.6,
1089,Cyprus,CYP,WE/EU,5.6,37,0,2006,5.2 - 5.9,
1090,Oman,OMN,MENA,5.4,39,-11,2006,4.1 - 6.2,
1091,Jordan,JOR,MENA,5.3,40,-3,2006,4.5 - 5.7,
1092,Hungary,HUN,WE/EU,5.2,41,-1,2006,5.0 - 5.4,
1093,Mauritius,MUS,SSA,5.1,42,9,2006,4.1 - 6.3,
1094,South Korea,KOR,AP,5.1,42,-2,2006,4.7 - 5.5,
1095,Malaysia,MYS,AP,5,44,-5,2006,4.5 - 5.5,
1096,Italy,ITA,WE/EU,4.9,45,-5,2006,4.4 - 5.4,
1097,Czech Republic,CZE,WE/EU,4.8,46,1,2006,4.4 - 5.2,
1098,Kuwait,KWT,MENA,4.8,46,-1,2006,4.0 - 5.4,
1099,Lithuania,LTU,WE/EU,4.8,46,-2,2006,4.2 - 5.6,
1100,Latvia,LVA,WE/EU,4.7,49,2,2006,4.0 - 5.5,
1101,Slovakia,SVK,WE/EU,4.7,49,-2,2006,4.3- 5.2,
1102,South Africa,ZAF,SSA,4.6,51,-5,2006,4.1 - 5.1,
1103,Tunisia,TUN,MENA,4.6,51,-8,2006,3.9 - 5.6,
1104,Dominica,DMA,AME,4.5,53,-52,2006,3.5 - 5.3,
1105,Greece,GRC,WE/EU,4.4,54,-7,2006,3.9 - 5.0,
1106,Costa Rica,CRI,AME,4.1,55,-4,2006,3.3 - 4.8,
1107,Namibia,NAM,SSA,4.1,55,-8,2006,3.6 - 4.9,
1108,Bulgaria,BGR,WE/EU,4,57,-2,2006,3.4 - 4.8,
1109,El Salvador,SLV,AME,4,57,-6,2006,3.2 - 4.8,
1110,Colombia,COL,AME,3.9,59,-4,2006,3.5 - 4.7,
1111,Turkey,TUR,ECA,3.8,60,5,2006,3.3 - 4.2,
1112,Jamaica,JAM,AME,3.7,61,3,2006,3.4 - 4.0,
1113,Poland,POL,WE/EU,3.7,61,9,2006,3.2 - 4.4,
1114,Lebanon,LBN,MENA,3.6,63,20,2006,3.2 - 3.8,
1115,Seychelles,SYC,SSA,3.6,63,-8,2006,3.2 - 3.8,
1116,Thailand,THA,AP,3.6,63,-4,2006,3.2 - 3.9,
1117,Belize,BLZ,AME,3.5,66,-4,2006,2.3 - 4.0,
1118,Cuba,CUB,AME,3.5,66,-7,2006,1.8 - 4.7,
1119,Grenada,GRD,AME,3.5,66,-65,2006,2.3 - 4.1,
1120,Croatia,HRV,WE/EU,3.4,69,1,2006,3.1 - 3.7,
1121,Brazil,BRA,AME,3.3,70,-8,2006,3.1 - 3.6,
1122,China,CHN,AP,3.3,70,8,2006,3.0 - 3.6,
1123,Egypt,EGY,MENA,3.3,70,0,2006,3.0 - 3.7,
1124,Ghana,GHA,SSA,3.3,70,-5,2006,3.0 - 3.6,
1125,India,IND,AP,3.3,70,18,2006,3.1 - 3.6,
1126,Mexico,MEX,AME,3.3,70,-5,2006,3.1 - 3.4,
1127,Peru,PER,AME,3.3,70,-5,2006,2.8 - 3.8,
1128,Saudi Arabia,SAU,MENA,3.3,70,0,2006,2.2 - 3.7,
1129,Senegal,SEN,SSA,3.3,70,8,2006,2.8 - 3.7,
1130,Burkina Faso,BFA,SSA,3.2,79,-9,2006,2.8 - 3.6,
1131,Lesotho,LSO,SSA,3.2,79,-9,2006,2.9 - 3.6,
1132,Moldova,MDA,ECA,3.2,79,9,2006,2.7 - 3.8,
1133,Morocco,MAR,MENA,3.2,79,-1,2006,2.8 - 3.5,
1134,Trinidad and Tobago,TTO,AME,3.2,79,-20,2006,2.8 - 3.6,
1135,Algeria,DZA,MENA,3.1,84,13,2006,2.7 - 3.6,
1136,Madagascar,MDG,SSA,3.1,84,13,2006,2.3 - 3.7,
1137,Mauritania,MRT,SSA,3.1,84,-83,2006,2.1 - 3.7,
1138,Panama,PAN,AME,3.1,84,-19,2006,2.8 - 3.3,
1139,Romania,ROU,WE/EU,3.1,84,1,2006,3.0 - 3.2,
1140,Sri Lanka,LKA,AP,3.1,84,-6,2006,2.7 - 3.5,
1141,Gabon,GAB,SSA,3,90,-2,2006,2.4 - 3.3,
1142,Serbia,SRB,ECA,3,90,7,2006,2.7 - 3.3,
1143,Suriname,SUR,AME,3,90,-12,2006,2.7 - 3.3,
1144,Argentina,ARG,AME,2.9,93,4,2006,2.7 - 3.2,
1145,Armenia,ARM,ECA,2.9,93,-5,2006,2.7 - 3.0,
1146,Bosnia and Herzegovina,BIH,ECA,2.9,93,-5,2006,2.7 - 3.1,
1147,Eritrea,ERI,SSA,2.9,93,14,2006,2.2 - 3.5,
1148,Syria,SYR,MENA,2.9,93,-23,2006,2.3 - 3.2,
1149,Tanzania,TZA,SSA,2.9,93,-5,2006,2.7 - 3.1,
1150,Dominican Republic,DOM,AME,2.8,99,-14,2006,2.4 - 3.2,
1151,Georgia,GEO,ECA,2.8,99,31,2006,2.5 - 3.0,
1152,Mali,MLI,SSA,2.8,99,-11,2006,2.5 - 3.3,
1153,Mongolia,MNG,AP,2.8,99,-14,2006,2.3 - 3.4,
1154,Mozambique,MOZ,SSA,2.8,99,-2,2006,2.5 - 3.0,
1155,Ukraine,UKR,ECA,2.8,99,8,2006,2.5 - 3.0,
1156,Bolivia,BOL,AME,2.7,105,12,2006,2.4 - 3.0,
1157,Iran,IRN,MENA,2.7,105,-17,2006,2.3 - 3.1,
1158,Libya,LBY,MENA,2.7,105,12,2006,2.4 - 3.2,
1159,Macedonia,MKD,ECA,2.7,105,-2,2006,2.6 - 2.9,
1160,Malawi,MWI,SSA,2.7,105,-8,2006,2.5 - 3.0,
1161,Uganda,UGA,SSA,2.7,105,12,2006,2.4 - 3.0,
1162,Albania,ALB,ECA,2.6,111,15,2006,2.4 - 2.7,
1163,Guatemala,GTM,AME,2.6,111,6,2006,2.3 - 3.0,
1164,Kazakhstan,KAZ,ECA,2.6,111,-4,2006,2.3 - 2.8,
1165,Laos,LAO,AP,2.6,111,-34,2006,2.0 - 3.1,
1166,Nicaragua,NIC,AME,2.6,111,-4,2006,2.4 - 2.9,
1167,Paraguay,PRY,AME,2.6,111,33,2006,2.2 - 3.3,
1168,Timor-Leste,TLS,AP,2.6,111,-110,2006,2.3 - 3.0,
1169,Viet Nam,VNM,AP,2.6,111,-4,2006,2.4 - 2.9,
1170,Yemen,YEM,MENA,2.6,111,-8,2006,2.4 - 2.7,
1171,Zambia,ZMB,SSA,2.6,111,-4,2006,2.1 - 3.0,
1172,Benin,BEN,SSA,2.5,121,-33,2006,2.1 - 2.9,
1173,Gambia,GMB,SSA,2.5,121,-18,2006,2.3 - 2.8,
1174,Guyana,GUY,AME,2.5,121,-4,2006,2.2 - 2.6,
1175,Honduras,HND,AME,2.5,121,-14,2006,2.4 - 2.7,
1176,Nepal,NAM,SSA,2.5,121,-74,2006,2.3 - 2.9,
1177,Philippines,PHL,AP,2.5,121,-4,2006,2.3 - 2.8,
1178,Russia,RUS,ECA,2.5,121,5,2006,2.3 - 2.7,
1179,Rwanda,RWA,SSA,2.5,121,-38,2006,2.3 - 2.6,
1180,Swaziland,SWZ,AME,2.5,121,-18,2006,2.2 - 2.7,
1181,Azerbaijan,AZE,ECA,2.4,130,7,2006,2.2 - 2.6,
1182,Burundi,BDI,SSA,2.4,130,0,2006,2.2 - 2.6,
1183,Central African Republic,CAF,SSA,2.4,130,-129,2006,2.2 - 2.5,
1184,Ethiopia,ETH,SSA,2.4,130,7,2006,2.2 - 2.6,
1185,Indonesia,IDN,AP,2.4,130,7,2006,2.2 - 2.6,
1186,Papua New Guinea,PNG,AP,2.4,130,0,2006,2.3 - 2.6,
1187,Togo,TGO,SSA,2.4,130,-129,2006,1.9 - 2.6,
1188,Zimbabwe,ZWE,SSA,2.4,130,-23,2006,2.0 - 2.8,
1189,Cameroon,CMR,SSA,2.3,138,-1,2006,2.1 - 2.5,
1190,Ecuador,ECU,AME,2.3,138,-21,2006,2.2 - 2.5,
1191,Niger,NER,SSA,2.3,138,-12,2006,2.1 - 2.6,
1192,Venezuela,VEN,AME,2.3,138,-8,2006,2.2 - 2.4,
1193,Angola,AGO,SSA,2.2,142,9,2006,1.9 - 2.4,
1194,"Congo, Republic",COG,SSA,2.2,142,-12,2006,2.2 - 2.3,
1195,Kenya,KEN,SSA,2.2,142,2,2006,2.0 - 2.4,
1196,Kyrgyzstan,KGZ,ECA,2.2,142,-12,2006,2.0 - 2.6,
1197,Nigeria,NER,SSA,2.2,142,-16,2006,2.0 - 2.3,
1198,Pakistan,PAK,AP,2.2,142,2,2006,2.0 - 2.4,
1199,Sierra Leone,SLE,SSA,2.2,142,-16,2006,2.2 - 2.3,
1200,Tajikistan,TJK,ECA,2.2,142,2,2006,2.0 - 2.4,
1201,Turkmenistan,TKM,ECA,2.2,142,13,2006,1.9 - 2.5,
1202,Belarus,BLR,ECA,2.1,151,-44,2006,1.9 - 2.2,
1203,Cambodia,KHM,AP,2.1,151,-21,2006,1.9 - 2.4,
1204,Cu00f4te du00b4Ivoire,CIV,SSA,2.1,151,1,2006,2.0 - 2.2,
1205,Equatorial Guinea,GNQ,SSA,2.1,151,1,2006,1.7 - 2.2,
1206,Uzbekistan,UZB,ECA,2.1,151,-14,2006,1.8 - 2.2,
1207,Bangladesh,BGD,AP,2,156,2,2006,1.7 - 2.2,
1208,Chad,TCD,SSA,2,156,2,2006,1.8 - 2.3,
1209,"Congo, Democratic Republic",COD,SSA,2,156,-12,2006,1.8 - 2.2,
1210,Sudan,SDN,SSA,2,156,-12,2006,1.8 - 2.2,
1211,Guinea,GIN,SSA,1.9,160,-159,2006,1.7 - 2.1,
1212,Iraq,IRQ,MENA,1.9,160,-23,2006,1.6 - 2.1,
1213,Myanmar,MMR,AP,1.9,160,-5,2006,1.8 - 2.3,
1214,Haiti,HTI,AME,1.8,163,-8,2006,1.7 - 1.8,
1215,Denmark,DNK,WE/EU,9.4,1,3,2007,9.2 - 9.6,
1216,Finland,FIN,WE/EU,9.4,1,0,2007,9.2 - 9.6,
1217,New Zealand,NZL,AP,9.4,1,0,2007,9.2 - 9.6,
1218,Singapore,SGP,AP,9.3,4,1,2007,9.0 - 9.5,
1219,Sweden,SWE,WE/EU,9.3,4,2,2007,9.1 - 9.4,
1220,Iceland,ISL,WE/EU,9.2,6,-5,2007,8.3 - 9.6,
1221,Netherlands,NLD,WE/EU,9,7,2,2007,8.8 - 9.2,
1222,Switzerland,CHE,WE/EU,9,7,0,2007,8.8 - 9.2,
1223,Canada,CAN,AME,8.7,9,5,2007,8.3 - 9.1,
1224,Norway,NOR,WE/EU,8.7,9,-1,2007,8.0 - 9.2,
1225,Australia,AUS,AP,8.6,11,-2,2007,8.1 - 9.0,
1226,Luxembourg,LUX,WE/EU,8.4,12,-1,2007,7.7 - 8.7,
1227,United Kingdom,GBR,WE/EU,8.4,12,-1,2007,7.9 - 8.9,
1228,Hong Kong,HKG,AP,8.3,14,1,2007,7.6 - 8.8,
1229,Austria,AUT,WE/EU,8.1,15,-4,2007,7.5 - 8.7,
1230,Germany,DEU,WE/EU,7.8,16,0,2007,7.3 - 8.4,
1231,Ireland,IRL,WE/EU,7.5,17,1,2007,7.3 - 7.7,
1232,Japan,JPN,AP,7.5,17,0,2007,7.1 - 8.0,
1233,France,FRA,WE/EU,7.3,19,-1,2007,6.9 - 7.8,
1234,USA,USA,AME,7.2,20,0,2007,6.5 - 7.6,
1235,Belgium,BEL,WE/EU,7.1,21,-1,2007,7.1 - 7.1,
1236,Chile,CHL,AME,7,22,-2,2007,6.5 - 7.4,
1237,Barbados,BRB,AME,6.9,23,1,2007,6.6 - 7.1,
1238,Saint Lucia,LCA,AME,6.8,24,-23,2007,6.1 - 7.1,
1239,Spain,ESP,WE/EU,6.7,25,-2,2007,6.2 - 7.0,
1240,Uruguay,URY,AME,6.7,25,3,2007,6.4 - 7.0,
1241,Slovenia,SVN,WE/EU,6.6,27,1,2007,6.1 - 6.9,
1242,Estonia,EST,WE/EU,6.5,28,-4,2007,6.0 -7.0,
1243,Portugal,PRT,WE/EU,6.5,28,-2,2007,5.8 - 7.2,
1244,Israel,ISR,MENA,6.1,30,4,2007,5.6 - 6.7,
1245,Saint Vincent and the Grenadines,VCT,AME,6.1,30,-29,2007,4.0 - 7.1,
1246,Qatar,QAT,MENA,6,32,0,2007,5.4 - 6.4,
1247,Malta,MLT,WE/EU,5.8,33,-5,2007,5.3 - 6.2,
1248,Macau,MAC,MO,5.7,34,-8,2007,4.7 - 6.4,
1249,Taiwan,TWN,AP,5.7,34,0,2007,5.4 - 6.1,
1250,United Arab Emirates,ARE,MENA,5.7,34,-3,2007,4.8 - 6.5,
1251,Dominica,DMA,AME,5.6,37,16,2007,4.0 - 6.1,
1252,Botswana,BWA,SSA,5.4,38,-1,2007,4.8 - 6.1,
1253,Cyprus,CYP,WE/EU,5.3,39,-2,2007,5.1 - 5.5,
1254,Hungary,HUN,WE/EU,5.3,39,2,2007,4.9 - 5.5,
1255,Czech Republik,CZE,WE/EU,5.2,41,5,2007,4.9 - 5.8,
1256,Italy,ITA,WE/EU,5.2,41,4,2007,4.7 - 5.7,
1257,Malaysia,MYS,AP,5.1,43,1,2007,4.5 - 5.7,
1258,South Africa,ZAF,SSA,5.1,43,8,2007,4.9 - 5.5,
1259,South Korea,KOR,AP,5.1,43,-1,2007,4.7 - 5.5,
1260,Bahrain,BHR,MENA,5,46,-10,2007,4.2 - 5.7,
1261,Bhutan,BTN,AP,5,46,-14,2007,4.1 - 5.7,
1262,Costa Rica,CRI,AME,5,46,9,2007,4.7 - 5.3,
1263,Cape Verde,CPV,SSA,4.9,49,-48,2007,3.4 - 5.5,
1264,Slovakia,SVK,WE/EU,4.9,49,0,2007,4.5 - 5.2,
1265,Latvia,LVA,WE/EU,4.8,51,-2,2007,4.4 - 5.1,
1266,Lithuania,LTU,WE/EU,4.8,51,-5,2007,4.4 - 5.3,
1267,Jordan,JOR,MENA,4.7,53,-13,2007,3.8 - 5.6,
1268,Mauritius,MUS,SSA,4.7,53,-11,2007,4.1 - 5.7,
1269,Oman,OMN,MENA,4.7,53,-14,2007,3.9 - 5.3,
1270,Greece,GRC,WE/EU,4.6,56,-2,2007,4.3 - 5.0,
1271,Namibia,NAM,SSA,4.5,57,-2,2007,3.9 - 5.2,
1272,Samoa,WSM,AS,4.5,57,-56,2007,3.4 - 5.5,
1273,Seychelles,SYC,SSA,4.5,57,6,2007,2.9 - 5.7,
1274,Kuweit,KWT,MENA,4.3,60,-14,2007,3.3 - 5.1,
1275,Cuba,CUB,AME,4.2,61,5,2007,3.5 - 4.7,
1276,Poland,POL,WE/EU,4.2,61,0,2007,3.6 - 4.9,
1277,Tunisia,TUN,MENA,4.2,61,-10,2007,3.4 - 4.8,
1278,Bulgaria,BGR,WE/EU,4.1,64,-7,2007,3.6 - 4.8,
1279,Croatia,HRV,WE/EU,4.1,64,5,2007,3.6 - 4.5,
1280,Turkey,TUR,ECA,4.1,64,-4,2007,3.8 - 4.5,
1281,El Salvador,SLV,AME,4,67,-10,2007,3.2 - 4.6,
1282,Colombia,COL,AME,3.8,68,-9,2007,3.4 - 4.3,
1283,Ghana,GHA,SSA,3.7,69,1,2007,3.5 - 3.9,
1284,Romania,ROU,WE/EU,3.7,69,15,2007,3.4 - 4.1,
1285,Senegal,SEN,SSA,3.6,71,-1,2007,3.2 - 4.2,
1286,Brazil,BRA,AME,3.5,72,-2,2007,3.2 - 4.0,
1287,China,CHN,AP,3.5,72,-2,2007,3.0 - 4.2,
1288,India,IND,AP,3.5,72,-2,2007,3.3 - 3.7,
1289,Mexico,MEX,AME,3.5,72,-2,2007,3.3 - 3.8,
1290,Morocco,MAR,MENA,3.5,72,7,2007,3.0 - 4.2,
1291,Peru,PER,AME,3.5,72,-2,2007,3.4 - 3.7,
1292,Suriname,SUR,AME,3.5,72,18,2007,3.0 - 3.9,
1293,Georgia,GEO,ECA,3.4,79,20,2007,2.9 - 4.3,
1294,Grenada,GRD,AME,3.4,79,-13,2007,2.0 - 4.1,
1295,Saudi Arabia,SAU,MENA,3.4,79,-9,2007,2.7 - 3.9,
1296,Serbia,SRB,ECA,3.4,79,11,2007,3.0 - 4.0,
1297,Trinidad and Tobago,TTO,AME,3.4,79,0,2007,2.7 - 3.9,
1298,Bosnia and Herzegovina,BIH,ECA,3.3,84,9,2007,2.9 - 3.7,
1299,Gabon,GAB,SSA,3.3,84,6,2007,3.0 - 3.5,
1300,Jamaica,JAM,AME,3.3,84,-23,2007,3.1 - 3.4,
1301,Kiribati,KIR,AP,3.3,84,-83,2007,2.4 - 3.9,
1302,Lesotho,LSO,SSA,3.3,84,-5,2007,3.1 - 3.5,
1303,FYR Macedonia,MKD,ECA,3.3,84,21,2007,2.9 - 3.8,
1304,Maldives,MDV,AP,3.3,84,-83,2007,2.3 - 4.3,
1305,Montenegro,MNE,ECA,3.3,84,-83,2007,2.4 - 4.0,
1306,Swaziland,SWZ,AME,3.3,84,37,2007,2.6 - 4.2,
1307,Thailand,THA,AP,3.3,84,-21,2007,2.9 - 3.7,
1308,Madagascar,MDG,SSA,3.2,94,-10,2007,2.5 - 3.9,
1309,Panama,PAN,AME,3.2,94,-10,2007,2.8 - 3.4,
1310,Sri Lanka,LKA,AP,3.2,94,-10,2007,2.9 - 3.5,
1311,Tanzania,TZA,SSA,3.2,94,-1,2007,2.9 - 3.4,
1312,Vanuatu,VUT,AP,3.1,98,-97,2007,2.4 - 3.7,
1313,Algeria,DZA,MENA,3,99,-15,2007,2.7 - 3.2,
1314,Armenia,ARM,ECA,3,99,-6,2007,2.8 - 3.2,
1315,Belize,BLZ,AME,3,99,-33,2007,2.0 - 3.7,
1316,Dominican Republic,DOM,AME,3,99,0,2007,2.8 - 3.3,
1317,Lebanon,LBN,MENA,3,99,-36,2007,2.2 - 3.6,
1318,Mongolia,MNG,AP,3,99,0,2007,2.6 - 3.3,
1319,Albania,ALB,ECA,2.9,105,6,2007,2.6 - 3.1,
1320,Argentina,ARG,AME,2.9,105,-12,2007,2.6 - 3.2,
1321,Bolivia,BOL,AME,2.9,105,0,2007,2.7 - 3.2,
1322,Burkina Faso,BFA,SSA,2.9,105,-26,2007,2.6 - 3.4,
1323,Djibouti,DJI,SSA,2.9,105,-104,2007,2.2 - 3.4,
1324,Egypt,EGY,MENA,2.9,105,-35,2007,2.6 - 3.3,
1325,Eritrea,ERI,SSA,2.8,111,-18,2007,2.1 - 3.5,
1326,Guatemala,GTM,AME,2.8,111,0,2007,2.4 - 3.2,
1327,Moldovaa,MDA,ECA,2.8,111,-32,2007,2.5 - 3.3,
1328,Mozambique,MOZ,SSA,2.8,111,-12,2007,2.5 - 3.1,
1329,Rwanda,RWA,SSA,2.8,111,10,2007,2.3 - 3.3,
1330,Solomon Islands,SLB,AP,2.8,111,-110,2007,2.4 - 3.1,
1331,Uganda,UGA,SSA,2.8,111,-6,2007,2.5 - 3.0,
1332,Benin,BEN,SSA,2.7,118,3,2007,2.3 - 3.2,
1333,Malawi,MWI,SSA,2.7,118,-13,2007,2.4 - 3.0,
1334,Mali,MLI,SSA,2.7,118,-19,2007,2.4 - 3.0,
1335,Sao Tome and Principe,STP,SSA,2.7,118,-117,2007,2.4 - 3.0,
1336,Ukraine,UKR,ECA,2.7,118,-19,2007,2.4 - 3.0,
1337,Comoros,COM,SSA,2.6,123,-122,2007,2.2 - 3.0,
1338,Guyana,GUY,AME,2.6,123,-2,2007,2.3 - 2.7,
1339,Mauritania,MRT,SSA,2.6,123,-39,2007,2.0 - 3.3,
1340,Nicaragua,NIC,AME,2.6,123,-12,2007,2.3 - 2.7,
1341,Niger,NER,SSA,2.6,123,15,2007,2.3 - 2.9,
1342,Timor-Leste,TLS,AP,2.6,123,-12,2007,2.5 - 2.6,
1343,Viet Nam,VNM,AP,2.6,123,-12,2007,2.4 - 2.9,
1344,Zambia,ZMB,SSA,2.6,123,-12,2007,2.3 - 2.9,
1345,Burundi,BDI,SSA,2.5,131,-1,2007,2.0 - 3.0,
1346,Honduras,HND,AME,2.5,131,-10,2007,2.3 - 2.6,
1347,Iran,IRN,MENA,2.5,131,-26,2007,2.0 - 3.0,
1348,Libya,LBY,MENA,2.5,131,-26,2007,2.1 - 2.6,
1349,Nepal,NPL,AP,2.5,131,-130,2007,2.3 - 2.7,
1350,Philippines,PHL,AP,2.5,131,-10,2007,2.3 - 2.7,
1351,Yemen,YEM,MENA,2.5,131,-20,2007,2.1 - 3.0,
1352,Cameroon,CMR,SSA,2.4,138,0,2007,2.1 - 2.7,
1353,Ethiopia,ETH,SSA,2.4,138,-8,2007,2.1 - 2.7,
1354,Pakistan,PAK,AP,2.4,138,4,2007,2.0 - 2.8,
1355,Paraguay,PRY,AME,2.4,138,-27,2007,2.1 - 2.6,
1356,Syria,SYR,MENA,2.4,138,-45,2007,1.7 - 2.9,
1357,Gambia,GMB,SSA,2.3,143,-22,2007,2.0 - 2.6,
1358,Indonesia,IDN,AP,2.3,143,-13,2007,2.1 - 2.4,
1359,Russia,RUS,ECA,2.3,143,-22,2007,2.1 - 2.6,
1360,Togo,TGO,SSA,2.3,143,-13,2007,1.9 - 2.8,
1361,Angola,AGO,SSA,2.2,147,-5,2007,1.8 - 2.4,
1362,Guinea-Bissau,GNB,SSA,2.2,147,-146,2007,2.0 - 2.3,
1363,Nigeria,NGA,SSA,2.2,147,-146,2007,2.0 - 2.4,
1364,Azerbaijan,AZE,ECA,2.1,150,-20,2007,1.9 - 2.3,
1365,Belarus,BLR,ECA,2.1,150,1,2007,1.7 - 2.6,
1366,"Congo, Republic",COG,SSA,2.1,150,-8,2007,2.0 - 2.2,
1367,Cote d'Ivoire,CIV,SSA,2.1,150,1,2007,1.7 - 2.6,
1368,Ecuador,ECU,AME,2.1,150,-12,2007,2.0 - 2.3,
1369,Kazakhstan,KAZ,ECA,2.1,150,-39,2007,1.7 - 2.5,
1370,Kenya,KEN,SSA,2.1,150,-8,2007,1.9 - 2.3,
1371,Kyrgyzstan,KGZ,ECA,2.1,150,-8,2007,2.0 - 2.2,
1372,Liberia,LBR,SSA,2.1,150,-149,2007,1.8 - 2.4,
1373,Sierra Leone,SLE,SSA,2.1,150,-8,2007,2.0 - 2.2,
1374,Tajikistan,TJK,ECA,2.1,150,-8,2007,1.9 - 2.3,
1375,Zimbabwe,ZWE,SSA,2.1,150,-20,2007,1.8 - 2.4,
1376,Bangladesh,BGD,AP,2,162,-6,2007,1.8 - 2.3,
1377,Cambodia,KHM,AP,2,162,-11,2007,1.8 - 2.1,
1378,Central African Republic,CAF,SSA,2,162,-32,2007,1.8 - 2.3,
1379,Papua New Guinea,PNG,AP,2,162,-32,2007,1.7 - 2.3,
1380,Turkmenistan,TKM,ECA,2,162,-20,2007,1.8 - 2.3,
1381,Venezuela,VEN,AME,2,162,-24,2007,1.9 - 2.1,
1382,"Congo, Democratic Republic",COD,SSA,1.9,168,-12,2007,1.8 - 2.1,
1383,Equatorial Guinea,GNQ,SSA,1.9,168,-17,2007,1.7 - 2.0,
1384,Guinea,GIN,SSA,1.9,168,-8,2007,1.4 - 2.6,
1385,Laos,LAO,AP,1.9,168,-57,2007,1.7 - 2.2,
1386,Afghanistan,AFG,AP,1.8,172,-171,2007,1.4 - 2.0,
1387,Chad,TCD,SSA,1.8,172,-16,2007,1.7 - 1.9,
1388,Sudan,SDN,SSA,1.8,172,-16,2007,1.6 - 1.9,
1389,Tonga,TON,AP,1.7,175,-174,2007,1.5 - 1.8,
1390,Uzbekistan,UZB,ECA,1.7,175,-24,2007,1.6 - 1.9,
1391,Haiti,HTI,AME,1.6,177,-14,2007,1.3 - 1.8,
1392,Iraq,IRQ,MENA,1.5,178,-18,2007,1.3 - 1.7,
1393,Myanmar,MMR,AP,1.4,179,-19,2007,1.1 - 1.7,
1394,Somalia,SOM,SSA,1.4,179,-178,2007,1.1 - 1.7,
1395,Afghanistan,AFG,AP,1.5,176,-4,2008,1.1 - 1.6,
1396,Albania,ALB,ECA,3.4,85,20,2008,3.3 - 3.4,
1397,Algeria,DZA,MENA,3.2,92,7,2008,2.9 - 3.4,
1398,Angola,AGO,SSA,1.9,158,-11,2008,1.5 - 2.2,
1399,Argentina,ARG,AME,2.9,109,-4,2008,2.5 - 3.3,
1400,Armenia,ARM,ECA,2.9,109,-10,2008,2.6 - 3.1,
1401,Australia,AUS,AP,8.7,9,2,2008,8.2 - 9.1,
1402,Austria,AUT,WE/EU,8.1,12,3,2008,7.6 - 8.6,
1403,Azerbaijan,AZE,ECA,1.9,158,-8,2008,1.7 - 2.1,
1404,Bahrain,BHR,MENA,5.4,43,3,2008,4.3 - 5.9,
1405,Bangladesh,BGD,AP,2.1,147,15,2008,1.7 - 2.4,
1406,Barbados,BRB,AME,7,22,1,2008,6.5 - 7.3,
1407,Belarus,BLR,ECA,2,151,-1,2008,1.6 - 2.5,
1408,Belgium,BEL,WE/EU,7.3,18,3,2008,7.2 - 7.4,
1409,Belize,BLZ,AME,2.9,109,-10,2008,1.9 - 3.7,
1410,Benin,BEN,SSA,3.1,96,22,2008,2.8 - 3.4,
1411,Bhutan,BTN,AP,5.2,45,1,2008,4.5 - 5.9,
1412,Bolivia,BOL,AME,3,102,3,2008,2.8 - 3.2,
1413,Bosnia and Herzegovina,BIH,ECA,3.2,92,-8,2008,2.9 - 3.5,
1414,Botswana,BWA,SSA,5.8,36,2,2008,5.2 - 6.4,
1415,Brazil,BRA,AME,3.5,80,-8,2008,3.2 - 4.0,
1416,Bulgaria,BGR,WE/EU,3.6,72,-8,2008,3.0 - 4.3,
1417,Burkina Faso,BFA,SSA,3.5,80,25,2008,2.9 - 4.2,
1418,Burundi,BDI,SSA,1.9,158,-27,2008,1.5 - 2.3,
1419,Cabo Verde,CPV,SSA,5.1,47,2,2008,3.4 - 5.6,
1420,Cambodia,KHM,AP,1.8,166,-4,2008,1.7 - 1.9,
1421,Cameroon,CMR,SSA,2.3,141,-3,2008,2.0 - 2.7,
1422,Canada,CAN,AME,8.7,9,0,2008,8.4 - 9.1,
1423,Central African Republic,CAF,SSA,2,151,11,2008,1.9 - 2.2,
1424,Chad,TCD,SSA,1.6,173,-1,2008,1.5 - 1.7,
1425,Chile,CHL,AME,6.9,23,-1,2008,6.5 - 7.2,
1426,China,CHN,AP,3.6,72,0,2008,3.1 - 4.3,
1427,Colombia,COL,AME,3.8,70,-2,2008,3.3 - 4.5,
1428,Comoros,COM,SSA,2.5,134,-11,2008,1.9 - 3.0,
1429,Congo,COG,SSA,1.9,158,-8,2008,1.8 - 2.0,
1430,Costa Rica,CRI,AME,5.1,47,-1,2008,4.8 - 5.3,
1431,Cote d'Ivoire,CIV,SSA,2,151,-1,2008,1.7 - 2.5,
1432,Croatia,HRV,WE/EU,4.4,62,2,2008,4.0 - 4.8,
1433,Cuba,CUB,AME,4.3,65,-4,2008,3.6 - 4.8,
1434,Cyprus,CYP,WE/EU,6.4,31,8,2008,5.9 - 6.8,
1435,Czech Republic,CZE,WE/EU,5.2,45,-4,2008,4.8 - 5.9,
1436,Democratic Republic of the Congo,COD,SSA,1.7,171,-3,2008,1.6 - 1.9,
1437,Denmark,DNK,WE/EU,9.3,1,0,2008,9.1 - 9.4,
1438,Djibouti,DJI,SSA,3,102,3,2008,2.2 - 3.3,
1439,Dominica,DMA,AME,6,33,4,2008,4.7 - 6.8,
1440,Dominican Republic,DOM,AME,3,102,-3,2008,2.7 - 3.2,
1441,Ecuador,ECU,AME,2,151,-1,2008,1.8 - 2.2,
1442,Egypt,EGY,MENA,2.8,115,-10,2008,2.4 - 3.2,
1443,El Salvador,SLV,AME,3.9,67,0,2008,3.2 - 4.5,
1444,Equatorial Guinea,GNQ,SSA,1.7,171,-3,2008,1.5 - 1.8,
1445,Eritrea,ERI,SSA,2.6,126,-15,2008,1.7 - 3.6,
1446,Estonia,EST,WE/EU,6.6,27,1,2008,6.2 - 6.9,
1447,Ethiopia,ETH,SSA,2.6,126,12,2008,2.2 - 2.9,
1448,Finland,FIN,WE/EU,9,5,-4,2008,8.4 - 9.4,
1449,France,FRA,WE/EU,6.9,23,-4,2008,6.5 - 7.3,
1450,Gabon,GAB,SSA,3.1,96,-12,2008,2.8 - 3.3,
1451,Gambia,GMB,SSA,1.9,158,-15,2008,3.2 - 4.6,
1452,Georgia,GEO,ECA,3.9,67,12,2008,3.2 - 4.6,
1453,Germany,DEU,WE/EU,7.9,14,2,2008,7.5 - 8.2,
1454,Ghana,GHA,SSA,3.9,67,2,2008,3.4 - 4.5,
1455,Greece,GRC,WE/EU,4.7,57,-1,2008,4.2 - 5.0,
1456,Guatemala,GTM,AME,3.1,96,15,2008,2.3 - 4.0,
1457,Guinea,GIN,SSA,1.6,173,-5,2008,1.3 - 1.9,
1458,Guinea Bissau,GNB,SSA,1.9,158,-11,2008,1.8 - 2.0,
1459,Guyana,GUY,AME,2.6,126,-3,2008,2.4 - 2.7,
1460,Haiti,HTI,AME,1.4,177,0,2008,1.1 - 1.7,
1461,Honduras,HND,AME,2.6,126,5,2008,2.3 - 2.9,
1462,Hong Kong,HKG,AP,8.1,12,2,2008,7.5 - 8.6,
1463,Hungary,HUN,WE/EU,5.1,47,-8,2008,4.8 - 5.4,
1464,Iceland,ISL,WE/EU,8.9,7,-1,2008,8.1 - 9.4,
1465,India,IND,AP,3.4,85,-13,2008,3.2 - 3.6,
1466,Indonesia,IDN,AP,2.6,126,17,2008,2.3 - 2.9,
1467,Iran,IRN,MENA,2.3,141,-10,2008,1.9 - 2.5,
1468,Iraq,IRQ,MENA,1.3,178,0,2008,1.1 - 1.6,
1469,Ireland,IRL,WE/EU,7.7,16,1,2008,7.5 - 7.9,
1470,Israel,ISR,MENA,6,33,-3,2008,5.6 - 6.3,
1471,Italy,ITA,WE/EU,4.8,55,-14,2008,4.0 - 5.5,
1472,Jamaica,JAM,AME,3.1,96,-12,2008,2.8 - 3.3,
1473,Japan,JPN,AP,7.3,18,-1,2008,7.0 - 7.6,
1474,Jordan,JOR,MENA,5.1,47,6,2008,4.0 - 6.2,
1475,Kazakhstan,KAZ,ECA,2.2,145,5,2008,1.8 - 2.7,
1476,Kenya,KEN,SSA,2.1,147,3,2008,1.9 - 2.4,
1477,"Korea, South",KOR,AP,5.6,40,3,2008,5.1 - 6.3,
1478,Kribati,KIR,AP,3.1,96,-12,2008,2.5 - 3.4,
1479,Kuwait,KWT,MENA,4.3,65,-5,2008,3.3 - 5.2,
1480,Kyrgyzstan,KGZ,ECA,1.8,166,-16,2008,1.7 - 1.9,
1481,Laos,LAO,AP,2,151,17,2008,1.6 - 2.3,
1482,Latvia,LVA,WE/EU,5,52,-1,2008,4.8 - 5.2,
1483,Lebanon,LBN,MENA,3,102,-3,2008,2.2 - 3.6,
1484,Lesotho,LSO,SSA,3.2,92,-8,2008,2.3 - 3.8,
1485,Liberia,LBR,SSA,2.4,138,12,2008,1.8 - 2.8,
1486,Libya,LBY,MENA,2.6,126,5,2008,2.2 - 3.0,
1487,Lithuania,LTU,WE/EU,4.6,58,-7,2008,4.1 - 5.2,
1488,Luxembourg,LUX,WE/EU,8.3,11,1,2008,7.8 - 8.8,
1489,Macao,MAC,MO,5.4,43,-9,2008,3.9 - 6.2,
1490,Madagascar,MDG,SSA,3.4,85,9,2008,2.8 - 4.0,
1491,Malawi,MWI,SSA,2.8,115,3,2008,2.4 - 3.1,
1492,Malaysia,MYS,AP,5.1,47,-4,2008,4.5 - 5.7,
1493,Maldives,MDV,AP,2.8,115,-31,2008,1.7 - 4.3,
1494,Mali,MLI,SSA,3.1,96,22,2008,2.8 - 3.3,
1495,Malta,MLT,WE/EU,5.8,36,-3,2008,5.3 - 6.3,
1496,Mauritania,MRT,SSA,2.8,115,8,2008,2.2 - 3.7,
1497,Mauritius,MUS,SSA,5.5,41,12,2008,4.9 - 6.4,
1498,Mexico,MEX,AME,3.6,72,0,2008,3.4 - 3.9,
1499,Moldova,MDA,ECA,2.9,109,2,2008,2.4 - 3.7,
1500,Mongolia,MNG,AP,3,102,-3,2008,2.6 - 3.3,
1501,Montenegro,MNE,ECA,3.4,85,-1,2008,2-5 - 4.0,
1502,Morocco,MAR,MENA,3.5,80,-8,2008,3.0 - 4.0,
1503,Mozambique,MOZ,SSA,2.6,126,-15,2008,2.4 - 2.9,
1504,Myanmar,MMR,AP,1.3,178,1,2008,1.0 - 1.5,
1505,Namibia,NAM,SSA,4.5,61,-4,2008,3.8 - 5.1,
1506,Nepal,NPL,AP,2.7,121,10,2008,2.4 - 3.0,
1507,Netherlands,NLD,WE/EU,8.9,7,0,2008,8.5 - 9.1,
1508,New Zealand,NZL,AP,9.3,1,0,2008,9.2 - 9.5,
1509,Nicaragua,NIC,AME,2.5,134,-11,2008,2.2 - 2.7,
1510,Niger,NER,SSA,2.8,115,8,2008,2.4 - 3.0,
1511,Nigeria,NGA,SSA,2.7,121,26,2008,2.3 - 3.0,
1512,North Macedonia,MKD,ECA,3.6,72,12,2008,2.9 - 4.3,
1513,Norway,NOR,WE/EU,7.9,14,-5,2008,7.5 - 8.3,
1514,Oman,OMN,MENA,5.5,41,12,2008,4.5 - 6.4,
1515,Pakistan,PAK,AP,2.5,134,4,2008,2.8 - 3.7,
1516,Panama,PAN,AME,3.4,85,9,2008,2.8 - 3.7,
1517,Papua New Guinea,PNG,AP,2,151,11,2008,1.6 - 2.3,
1518,Paraguay,PRY,AME,2.4,138,0,2008,2.0 - 2.7,
1519,Peru,PER,AME,3.6,72,0,2008,3.4 - 4.1,
1520,Philippines,PHL,AP,2.3,141,-10,2008,2.1 - 2.5,
1521,Poland,POL,WE/EU,4.6,58,3,2008,4.0 - 5.2,
1522,Portugal,PRT,WE/EU,6.1,32,-4,2008,5.6 - 6.7,
1523,Puerto Rico,PRI,AM,5.8,36,-35,2008,5.0 - 6.6,
1524,Qatar,QAT,MENA,6.5,28,4,2008,5.6 - 7.0,
1525,Romania,ROU,WE/EU,3.8,70,-1,2008,3.4 - 4.2,
1526,Russia,RUS,ECA,2.1,147,-4,2008,1.9 - 2.5,
1527,Rwanda,RWA,SSA,3,102,9,2008,2.7 - 3.2,
1528,Saint Lucia,LCA,AME,7.1,21,3,2008,6.6 - 7.3,
1529,Saint Vincent and the Grenadines,VCT,AME,6.5,28,2,2008,4.7 - 7.3,
1530,Samoa,WSM,AS,4.4,62,-5,2008,3.4 - 4.8,
1531,Sao Tome and Principe,STP,SSA,2.7,121,-3,2008,2.1 - 3.1,
1532,Saudi Arabia,SAU,MENA,3.5,80,-1,2008,3.0 - 3.9,
1533,Senegal,SEN,SSA,3.4,85,-14,2008,2.9 - 4.0,
1534,Serbia,SRB,ECA,3.4,85,-6,2008,3.0 - 4.0,
1535,Seychelles,SYC,SSA,4.8,55,2,2008,3.7 - 5.9,
1536,Sierra Leone,SLE,SSA,1.9,158,-8,2008,1.8 - 2.0,
1537,Singapore,SGP,AP,9.2,4,0,2008,9.0 - 9.3,
1538,Slovakia,SVK,WE/EU,5,52,-3,2008,4.5 - 5.3,
1539,Slovenia,SVN,WE/EU,6.7,26,1,2008,6.5 - 7.0,
1540,Solomon Islands,SLB,AP,2.9,109,2,2008,2.5 - 3.2,
1541,Somalia,SOM,SSA,1,180,-1,2008,0.5 - 1.4,
1542,South Africa,ZAF,SSA,4.9,54,-11,2008,4.5 - 5.1,
1543,Spain,ESP,WE/EU,6.5,28,-3,2008,5.7 - 6.9,
1544,Sri Lanka,LKA,AP,3.2,92,2,2008,2.9 - 3.5,
1545,Sudan,SDN,SSA,1.6,173,-1,2008,1.5 - 1.7,
1546,Suriname,SUR,AME,3.6,72,0,2008,3.3 - 4.0,
1547,Swaziland,SWZ,AME,3.6,72,12,2008,2.9 - 4.3,
1548,Sweden,SWE,WE/EU,9.3,1,3,2008,9.2 - 9.4,
1549,Switzerland,CHE,WE/EU,9,5,2,2008,8.7 - 9.2,
1550,Syria,SYR,MENA,2.1,147,-9,2008,1.6 - 2.4,
1551,Taiwan,TWN,AP,5.7,39,-5,2008,5.4 - 6.0,
1552,Tajikistan,TJK,ECA,2,151,-1,2008,1.7 - 2.3,
1553,Tanzania,TZA,SSA,3,102,-8,2008,2.5 - 3.3,
1554,Thailand,THA,AP,3.5,80,4,2008,3.0 - 3.9,
1555,Timor-Leste,TLS,AP,2.2,145,-22,2008,1.8 - 2.5,
1556,Togo,TGO,SSA,2.7,121,22,2008,1.9 - 3.7,
1557,Tonga,TON,AP,2.4,138,37,2008,1.9 - 2.6,
1558,Trinidad and Tobago,TTO,AME,3.6,72,7,2008,3.1 - 4.0,
1559,Tunisia,TUN,MENA,4.4,62,-1,2008,3.5 - 5.5,
1560,Turkey,TUR,ECA,4.6,58,6,2008,4.1 - 5.1,
1561,Turkmenistan,TKM,ECA,1.8,166,-4,2008,1.5 - 2.2,
1562,Uganda,UGA,SSA,2.6,126,-15,2008,2.2 - 3.0,
1563,Ukraine,UKR,ECA,2.5,134,-16,2008,2.2 - 2.8,
1564,United Arab Emirates,ARE,MENA,5.9,35,-1,2008,4.8 - 6.8,
1565,United Kingdom,GBR,WE/EU,7.7,16,-4,2008,7.2 - 8.1,
1566,United States of America,USA,AME,7.3,18,2,2008,6.7 - 7.7,
1567,Uruguay,URY,AME,6.9,23,2,2008,6.5 - 7.2,
1568,Uzbekistan,UZB,ECA,1.8,166,9,2008,1.5 - 2.2,
1569,Vanuatu,VUT,AP,2.9,109,-11,2008,2.5 - 3.2,
1570,Venezuela,VEN,AME,1.9,158,4,2008,1.8 - 2.0,
1571,Vietnam,VNM,AP,2.7,121,2,2008,2.4 - 3.1,
1572,Yemen,YEM,MENA,2.3,141,-10,2008,1.5 - 2.2,
1573,Zambia,ZMB,SSA,2.8,115,8,2008,2.5 - 3.0,
1574,Zimbabwe,ZWE,SSA,1.8,166,-16,2008,1.5 - 2.1,
1575,New Zealand,NZL,AP,9.4,1,0,2009,9.1 - 9.5,
1576,Denmark,DNK,WE/EU,9.3,2,-1,2009,9.1 - 9.5,
1577,Singapore,SGP,AP,9.2,3,1,2009,9.0 - 9.4,
1578,Sweden,SWE,WE/EU,9.2,3,-2,2009,9.0 - 9.3,
1579,Switzerland,CHE,WE/EU,9,5,0,2009,8.9 - 9.1,
1580,Finland,FIN,WE/EU,8.9,6,-1,2009,8.4 - 9.4,
1581,Netherlands,NLD,WE/EU,8.9,6,1,2009,8.7 - 9.0,
1582,Australia,AUS,AP,8.7,8,1,2009,8.3 - 9.0,
1583,Canada,CAN,AME,8.7,8,1,2009,8.5 - 9.0,
1584,Iceland,ISL,WE/EU,8.7,8,-1,2009,7.5 - 9.4,
1585,Norway,NOR,WE/EU,8.6,11,3,2009,8.2 - 9.1,
1586,Hong Kong,HKG,AP,8.2,12,0,2009,7.9 - 8.5,
1587,Luxembourg,LUX,WE/EU,8.2,12,-1,2009,7.6 - 8.8,
1588,Germany,DEU,WE/EU,8,14,0,2009,7.7 - 8.3,
1589,Ireland,ISL,WE/EU,8,14,-7,2009,7.8 - 8.4,
1590,Austria,AUT,WE/EU,7.9,16,-4,2009,7.4 - 8.3,
1591,Japan,JPN,AP,7.7,17,1,2009,7.4 - 8.0,
1592,United Kingdom,GBR,WE/EU,7.7,17,-1,2009,7.3 - 8.2,
1593,United States,USA,AME,7.5,19,-1,2009,6.9 - 8.0,
1594,Barbados,BRB,AME,7.4,20,2,2009,6.6 - 8.2,
1595,Belgium,BEL,WE/EU,7.1,21,-3,2009,6.9 - 7.3,
1596,Qatar,QAT,MENA,7,22,6,2009,5.8 - 8.1,
1597,Saint Lucia,LCA,AME,7,22,-1,2009,6.7 - 7.5,
1598,France,FRA,WE/EU,6.9,24,-1,2009,6.5 - 7.3,
1599,Chile,CHL,AME,6.7,25,-2,2009,6.5 - 6.9,
1600,Uruguay,URY,AME,6.7,25,-2,2009,6.4 - 7.1,
1601,Cyprus,CYP,WE/EU,6.6,27,4,2009,6.1 - 7.1,
1602,Estonia,EST,WE/EU,6.6,27,0,2009,6.1 - 6.9,
1603,Slovenia,SLV,AME,6.6,27,40,2009,6.3 - 6.9,
1604,United Arab Emirates,ARE,MENA,6.5,30,5,2009,5.5 - 7.5,
1605,Saint Vincent and the Grenadines,SVN,WE/EU,6.4,31,-5,2009,4.9 - 7.5,
1606,Israel,ISR,MENA,6.1,32,1,2009,5.4 - 6.7,
1607,Spain,ESP,WE/EU,6.1,32,-4,2009,5.5 - 6.6,
1608,Dominica,DMA,AME,5.9,34,-1,2009,4.9 - 6.7,
1609,Portugal,PRT,WE/EU,5.8,35,-3,2009,5.5 - 6.2,
1610,Puerto Rico,PRI,AME,5.8,35,1,2009,5.2 - 6.3,
1611,Botswana,BWA,SSA,5.6,37,-1,2009,5.1 - 6.3,
1612,Taiwan,TWN,AP,5.6,37,2,2009,5.4 - 5.9,
1613,Brunei Darussalam,BRN,AP,5.5,39,137,2009,4.7 - 6.4,
1614,Oman,OMN,MENA,5.5,39,2,2009,4.4 - 6.5,
1615,South Korea,KOR,AP,5.5,39,1,2009,5.3 - 5.7,
1616,Mauritius,MUS,SSA,5.4,42,-1,2009,5.0 - 5.9,
1617,Costa Rica,CRI,AME,5.3,43,4,2009,4.7 - 5.9,
1618,Macao,MAC,AP,5.3,43,0,2009,3.3 - 6.9,
1619,Malta,MLT,WE/EU,5.2,45,-9,2009,4.0 - 6.2,
1620,Bahrain,BHR,MENA,5.1,46,-3,2009,4.2 - 5.8,
1621,Cape Verde,CPV,SSA,5.1,46,1,2009,3.3 - 7.0,
1622,Hungary,HUN,WE/EU,5.1,46,1,2009,4.6 - 5.7,
1623,Bhutan,BTN,AP,5,49,-4,2009,4.3 - 5.6,
1624,Jordan,JOR,MENA,5,49,-2,2009,3.9 - 6.1,
1625,Poland,POL,WE/EU,5,49,9,2009,4.5 - 5.5,
1626,Czech Republic,CZE,WE/EU,4.9,52,-7,2009,4.3 - 5.6,
1627,Lithuania,LTU,WE/EU,4.9,52,6,2009,4.4 - 5.4,
1628,Seychelles,SYC,SSA,4.8,54,1,2009,3.0 - 6.7,
1629,South Africa,ZAF,SSA,4.7,55,-1,2009,4.3 - 4.9,
1630,Latvia,LVA,WE/EU,4.5,56,-4,2009,4.1 - 4.9,
1631,Malaysia,MYS,AP,4.5,56,-9,2009,4.0 - 5.1,
1632,Namibia,NAM,SSA,4.5,56,5,2009,3.9 - 5.1,
1633,Samoa,WSM,AP,4.5,56,6,2009,3.3 - 5.3,
1634,Slovakia,SVK,WE/EU,4.5,56,-4,2009,4.1 - 4.9,
1635,Cuba,CUB,AME,4.4,61,4,2009,3.5 - 5.1,
1636,Turkey,TUR,ECA,4.4,61,-3,2009,3.9 - 4.9,
1637,Italy,ITA,WE/EU,4.3,63,-8,2009,3.8 - 4.9,
1638,Saudi Arabia,SAU,MENA,4.3,63,17,2009,3.1 - 5.3,
1639,Tunisia,TUN,MENA,4.2,65,-3,2009,3.0 - 5.5,
1640,Croatia,HRV,WE/EU,4.1,66,-4,2009,3.7 - 4.5,
1641,Georgia,GEO,ECA,4.1,66,1,2009,3.4 - 4.7,
1642,Kuwait,KWT,MENA,4.1,66,-1,2009,3.2 - 5.1,
1643,Ghana,GHA,SSA,3.9,69,-2,2009,3.2 - 4.6,
1644,Montenegro,MNE,ECA,3.9,69,16,2009,3.5 - 4.4,
1645,Bulgaria,BGR,WE/EU,3.8,71,1,2009,3.2 - 4.5,
1646,FYR Macedonia,MKD,ECA,3.8,71,1,2009,3.4 - 4.2,
1647,Greece,GRC,WE/EU,3.8,71,-14,2009,3.2 - 4.3,
1648,Romania,ROU,WE/EU,3.8,71,-1,2009,3.2 - 4.3,
1649,Brazil,BRA,AME,3.7,75,5,2009,3.3 - 4.3,
1650,Colombia,COL,AME,3.7,75,-5,2009,3.1 - 4.3,
1651,Peru,PER,AME,3.7,75,-3,2009,3.4 - 4.1,
1652,Suriname,SUR,AME,3.7,75,-3,2009,3.0 - 4.7,
1653,Burkina Faso,BFA,SSA,3.6,79,1,2009,2.8 - 4.4,
1654,China,CHN,AP,3.6,79,-7,2009,3.0 - 4.2,
1655,Swaziland,SWZ,AP,3.6,79,-7,2009,3.0 - 4.7,
1656,Trinidad and Tobago,TTO,AME,3.6,79,-7,2009,3.0 - 4.3,
1657,Serbia,SRB,ECA,3.5,83,2,2009,3.3 - 3.9,
1658,El Salvador,SLV,AME,3.4,84,-17,2009,3.0 - 3.8,
1659,Guatemala,GTM,AME,3.4,84,12,2009,3.0 - 3.9,
1660,India,IND,AP,3.4,84,1,2009,3.2 - 3.6,
1661,Panama,PAN,AME,3.4,84,1,2009,3.1 - 3.7,
1662,Thailand,THA,AP,3.4,84,-4,2009,3.0 - 3.8,
1663,Lesotho,LSO,SSA,3.3,89,3,2009,2.8 - 3.8,
1664,Malawi,MWI,SSA,3.3,89,26,2009,2.7 - 3.9,
1665,Mexico,MEX,AME,3.3,89,-17,2009,3.2 - 3.5,
1666,Moldova,MDA,ECA,3.3,89,20,2009,2.7 - 4.0,
1667,Morocco,MAR,MENA,3.3,89,-9,2009,2.8 - 3.9,
1668,Rwanda,RWA,SSA,3.3,89,13,2009,2.9 - 3.7,
1669,Albania,ALB,ECA,3.2,95,-10,2009,3.0 - 3.3,
1670,Vanuatu,VUT,AP,3.2,95,14,2009,2.3 - 4.7,
1671,Liberia,LBR,SSA,3.1,97,41,2009,1.9 - 3.8,
1672,Sri Lanka,LKA,AP,3.1,97,-5,2009,2.8 - 3.4,
1673,Bosnia and Herzegovina,BIH,ECA,3,99,-7,2009,2.6 - 3.4,
1674,Dominican Republic,DOM,AME,3,99,3,2009,2.9 - 3.2,
1675,Jamaica,JAM,AME,3,99,-3,2009,2.8 - 3.3,
1676,Madagascar,MDG,SSA,3,99,-14,2009,2.8 - 3.2,
1677,Senegal,SEN,SSA,3,99,-14,2009,2.5 - 3.6,
1678,Tonga,TON,AP,3,99,39,2009,2.6 - 3.3,
1679,Zambia,ZMB,SSA,3,99,16,2009,2.8 - 3.2,
1680,Argentina,ARG,AME,2.9,106,3,2009,2.6 - 3.1,
1681,Benin,BEN,SSA,2.9,106,-10,2009,2.3 - 3.4,
1682,Gabon,GAB,SSA,2.9,106,-10,2009,2.6 - 3.1,
1683,Gambia,GMB,SSA,2.9,106,52,2009,1.6 - 4.0,
1684,Niger,NER,SSA,2.9,106,9,2009,2.7 - 3.0,
1685,Algeria,DZA,MENA,2.8,111,-19,2009,2.5 - 3.1,
1686,Djibouti,DJI,SSA,2.8,111,-9,2009,2.3 - 3.2,
1687,Egypt,EGY,MENA,2.8,111,4,2009,2.6 - 3.1,
1688,Indonesia,IDN,AP,2.8,111,15,2009,2.4 - 3.2,
1689,Kiribati,KIR,AP,2.8,111,-15,2009,2.3 - 3.3,
1690,Mali,MLI,SSA,2.8,111,-15,2009,2.4 - 3.2,
1691,Sao Tome and Principe,STP,SSA,2.8,111,10,2009,2.4 - 3.3,
1692,Solomon Islands,SLB,AP,2.8,111,-2,2009,2.3 - 3.3,
1693,Togo,TGO,SSA,2.8,111,10,2009,1.9 - 3.9,
1694,Armenia,ARM,ECA,2.7,120,-11,2009,2.6 - 2.8,
1695,Bolivia,BOL,AME,2.7,120,-18,2009,2.4 - 3.1,
1696,Ethiopia,ETH,SSA,2.7,120,6,2009,2.4 - 2.9,
1697,Kazakhstan,KAZ,ECA,2.7,120,25,2009,2.1 - 3.3,
1698,Mongolia,MNG,AP,2.7,120,-18,2009,2.4 - 3.0,
1699,Viet Nam,VNM,AP,2.7,120,1,2009,2.4 - 3.1,
1700,Eritrea,ERI,SSA,2.6,126,0,2009,1.6 - 3.8,
1701,Guyana,GUY,AME,2.6,126,0,2009,2.5 - 2.7,
1702,Syria,SYR,MENA,2.6,126,21,2009,2.2 - 2.9,
1703,Tanzania,TZA,SSA,2.6,126,-24,2009,2.4 - 2.9,
1704,Honduras,HND,AME,2.5,130,-4,2009,2.2 - 2.8,
1705,Lebanon,LBN,MENA,2.5,130,-28,2009,1.9 - 3.1,
1706,Libya,LBY,MENA,2.5,130,-4,2009,2.2 - 2.8,
1707,Maldives,MDV,AP,2.5,130,-15,2009,1.8 - 3.2,
1708,Mauritania,MRT,SSA,2.5,130,-15,2009,2.0 - 3.3,
1709,Mozambique,MOZ,SSA,2.5,130,-4,2009,2.3 - 2.8,
1710,Nicaragua,NIC,AME,2.5,130,4,2009,2.3 - 2.7,
1711,Nigeria,NGA,SSA,2.5,130,-9,2009,2.2 - 2.7,
1712,Uganda,UGA,SSA,2.5,130,-4,2009,2.1 - 2.8,
1713,Bangladesh,BGD,AP,2.4,139,8,2009,2.0 - 2.8,
1714,Belarus,BLR,ECA,2.4,139,12,2009,2.0 - 2.8,
1715,Pakistan,PAK,AP,2.4,139,-5,2009,2.1 - 2.7,
1716,Philippines,PHL,AP,2.4,139,2,2009,2.1 - 2.7,
1717,Azerbaijan,AZE,ECA,2.3,143,15,2009,2.0 - 2.6,
1718,Comoros,COM,SSA,2.3,143,-9,2009,1.6 - 3.3,
1719,Nepal,NPL,AP,2.3,143,-22,2009,2.0 - 2.6,
1720,Cameroon,CMR,SSA,2.2,146,-5,2009,1.9 - 2.6,
1721,Ecuador,ECU,AME,2.2,146,5,2009,2.0 - 2.5,
1722,Kenya,KEN,SSA,2.2,146,1,2009,1.9 - 2.5,
1723,Russia,RUS,ECA,2.2,146,1,2009,1.9 - 2.4,
1724,Sierra Leone,SLE,SSA,2.2,146,12,2009,1.9 - 2.4,
1725,Timor-Leste,TLS,AP,2.2,146,-1,2009,1.8 - 2.6,
1726,Ukraine,UKR,ECA,2.2,146,-12,2009,2.0 - 2.6,
1727,Zimbabwe,ZWE,SSA,2.2,146,20,2009,1.7 - 2.8,
1728,Cu00f4te du00b4Ivoire,CIV,SSA,2.1,154,-3,2009,1.8 - 2.4,
1729,Papua New Guinea,PNG,AP,2.1,154,-3,2009,1.7 - 2.5,
1730,Paraguay,PRY,AME,2.1,154,-16,2009,1.7 - 2.5,
1731,Yemen,YEM,MENA,2.1,154,-13,2009,1.6 - 2.5,
1732,Cambodia,KHM,AP,2,158,8,2009,1.8 - 2.2,
1733,Central African Republic,CAF,SSA,2,158,-7,2009,1.9 - 2.2,
1734,Laos,LAO,AP,2,158,-7,2009,1.6 - 2.6,
1735,Tajikistan,TJK,ECA,2,158,-7,2009,1.6 - 2.5,
1736,Angola,AGO,SSA,1.9,162,-4,2009,1.8 - 1.9,
1737,Congo Republic,COG,SSA,1.9,162,-4,2009,1.6 - 2.1,
1738,Congo Democratic Republic,COD,SSA,1.9,162,9,2009,1.7 - 2.1,
1739,Guinea-Bissau,GNB,SSA,1.9,162,-4,2009,1.8 - 2.0,
1740,Kyrgyzstan,KGZ,ECA,1.9,162,4,2009,1.8 - 2.1,
1741,Venezuela,VEN,AME,1.9,162,-4,2009,1.8 - 2.0,
1742,Burundi,BDI,SSA,1.8,168,-10,2009,1.6 - 2.0,
1743,Equatorial Guinea,GNQ,SSA,1.8,168,3,2009,1.6 - 1.9,
1744,Guinea,GIN,SSA,1.8,168,5,2009,1.7 - 1.8,
1745,Haiti,HTI,AME,1.8,168,9,2009,1.4 - 2.3,
1746,Iran,IRN,MENA,1.8,168,-27,2009,1.7 - 1.9,
1747,Turkmenistan,TKM,ECA,1.8,168,-2,2009,1.7 - 1.9,
1748,Uzbekistan,UZB,ECA,1.7,174,-8,2009,1.5 - 1.8,
1749,Chad,TCD,SSA,1.6,175,-2,2009,1.5 - 1.7,
1750,Iraq,IRQ,MENA,1.5,176,2,2009,1.2 - 1.8,
1751,Sudan,SDN,SSA,1.5,176,-3,2009,1.4 - 1.7,
1752,Myanmar,MMR,AP,1.4,178,0,2009,0.9 - 1.8,
1753,Afghanistan,AFG,AP,1.3,179,-3,2009,1.0 - 1.5,
1754,Somalia,SOM,SSA,1.1,180,0,2009,0.9 - 1.4,
1755,Denmark,DNK,WE/EU,9.3,1,1,2010,9.1 - 9.4,
1756,New Zealand,NZL,AP,9.3,1,0,2010,9.2 - 9.5,
1757,Singapore,SGP,AP,9.3,1,2,2010,9.2 - 9.4,
1758,Finland,FIN,WE/EU,9.2,4,2,2010,9.1 - 9.3,
1759,Sweden,SWE,WE/EU,9.2,4,-1,2010,9.1 - 9.4,
1760,Canada,CAN,AME,8.9,6,2,2010,8.7 - 9.0,
1761,Netherlands,NLD,WE/EU,8.8,7,-1,2010,8.7 - 9.0,
1762,Australia,AUS,AP,8.7,8,0,2010,8.3 - 9.0,
1763,Switzerland,CHE,WE/EU,8.7,8,-3,2010,8.3 - 9.1,
1764,Norway,NOR,WE/EU,8.6,10,1,2010,8.1 - 9.0,
1765,Iceland,ISL,WE/EU,8.5,11,-3,2010,7.7 - 9.2,
1766,Luxembourg,LUX,WE/EU,8.5,11,1,2010,8.0 - 8.9,
1767,Hong Kong,HKG,AP,8.4,13,-1,2010,8.1 - 8.7,
1768,Ireland,IRL,WE/EU,8,14,-13,2010,7.7 - 8.3,
1769,Austria,AUT,WE/EU,7.9,15,1,2010,7.4 - 8.4,
1770,Germany,DEU,WE/EU,7.9,15,-1,2010,7.5 - 8.3,
1771,Barbados,BRB,AME,7.8,17,3,2010,7.1 - 8.5,
1772,Japan,JPN,AP,7.8,17,0,2010,7.5 - 8.2,
1773,Qatar,QAT,MENA,7.7,19,3,2010,6.6 - 8.6,
1774,United Kingdom,GBR,WE/EU,7.6,20,-3,2010,7.3 - 7.9,
1775,Chile,CHL,AME,7.2,21,4,2010,7.0 - 7.4,
1776,Belgium,BEL,WE/EU,7.1,22,-1,2010,6.9 - 7.2,
1777,United States,USA,AME,7.1,22,-3,2010,6.5 - 7.7,
1778,Uruguay,URY,AME,6.9,24,1,2010,6.5 - 7.1,
1779,France,FRA,WE/EU,6.8,25,-1,2010,6.4 - 7.2,
1780,Estonia,EST,WE/EU,6.5,26,1,2010,6.1 - 6.8,
1781,Slovenia,SVN,WE/EU,6.4,27,4,2010,5.9 - 6.8,
1782,Cyprus,CYP,WE/EU,6.3,28,-1,2010,6.0 - 6.6,
1783,United Arab Emirates,ARE,MENA,6.3,28,2,2010,5.4 - 7.3,
1784,Israel,ISR,MENA,6.1,30,2,2010,5.7 - 6.6,
1785,Spain,ESP,WE/EU,6.1,30,2,2010,5.7 - 6.5,
1786,Portugal,PRT,WE/EU,6,32,3,2010,5.4 - 6.7,
1787,Botswana,BWA,SSA,5.8,33,4,2010,5.4 - 6.2,
1788,Puerto Rico,PRI,AME,5.8,33,2,2010,5.3 - 6.4,
1789,Taiwan,TWN,AP,5.8,36,1,2010,5.5 - 6.2,
1790,Bhutan,BTN,AP,5.7,37,12,2010,5.1 - 6.2,
1791,Brunei,BRN,AP,5.5,38,1,2010,5.3 - 5.8,
1792,Malta,MLT,WE/EU,5.6,39,6,2010,4.7 - 6.1,
1793,Korea (South),KOR,AP,5.4,41,-2,2010,5.1 - 5.7,
1794,Mauritius,MUS,SSA,5.4,41,1,2010,4.9 - 5.9,
1795,Costa Rica,CRI,AME,5.3,41,2,2010,4.7 - 6.0,
1796,Oman,OMN,MENA,5.3,44,-5,2010,4.1 - 6.4,
1797,Poland,POL,WE/EU,5.3,45,4,2010,5.0 - 5.5,
1798,Dominica,DMA,AME,5.2,46,-12,2010,4.7 - 5.8,
1799,Cape Verde,CPV,SSA,5.1,48,-2,2010,4.1 - 6.1,
1800,Lithuania,LTU,WE/EU,5,49,3,2010,4.4 - 5.5,
1801,Macau,MAC,AP,5,50,-7,2010,3.4 - 5.8,
1802,Bahrain,BHR,MENA,4.9,50,-4,2010,4.1 - 5.7,
1803,Seychelles,SYC,SSA,4.8,50,4,2010,3.0 - 6.8,
1804,Hungary,HUN,WE/EU,4.7,53,-7,2010,3.9 - 5.5,
1805,Jordan,JOR,MENA,4.7,54,-5,2010,4.0 - 5.5,
1806,Saudi Arabia,SAU,MENA,4.7,54,9,2010,3.3 - 6.0,
1807,Czech Republic,CZE,WE/EU,4.6,56,-4,2010,4.1 - 5.1,
1808,Kuwait,KWT,MENA,4.5,56,10,2010,3.3 - 5.9,
1809,South Africa,ZAF,SSA,4.5,56,-1,2010,4.1 - 4.8,
1810,Malaysia,MYS,AP,4.4,59,-3,2010,3.9 - 4.9,
1811,Namibia,NAM,SSA,4.4,59,-3,2010,3.9 - 4.9,
1812,Turkey,TUR,ECA,4.4,59,2,2010,4.0 - 4.8,
1813,Latvia,LVA,WE/EU,4.3,62,-6,2010,3.7 - 4.8,
1814,Slovakia,SVK,WE/EU,4.3,62,-6,2010,3.8 - 4.9,
1815,Tunisia,TUN,MENA,4.3,66,-1,2010,3.0 - 5.6,
1816,FYR Macedonia,MKD,ECA,4.1,67,4,2010,3.7 - 4.5,
1817,Ghana,GHA,SSA,4.1,68,1,2010,3.7 - 4.5,
1818,Samoa,WSM,AP,4.1,69,-13,2010,3.4 - 4.7,
1819,Croatia,HRV,WE/EU,4.1,69,-3,2010,3.4 - 4.7,
1820,Rwanda,RWA,SSA,4,69,20,2010,3.2 - 5.1,
1821,Italy,ITA,WE/EU,3.9,69,-6,2010,3.5 - 4.4,
1822,Brazil,BRA,AME,3.7,69,6,2010,3.0 - 4.7,
1823,Georgia,GEO,ECA,3.8,73,-7,2010,3.2 - 4.3,
1824,Cuba,CUB,AME,3.7,73,-12,2010,2.6 - 5.1,
1825,Montenegro,MNE,ECA,3.7,73,-4,2010,3.1 - 4.3,
1826,Romania,ROU,WE/EU,3.7,73,-2,2010,3.3 - 4.2,
1827,Bulgaria,BGR,WE/EU,3.6,78,-7,2010,3.2 - 4.0,
1828,El Salvador,SLV,AME,3.6,78,-51,2010,3.4 - 3.8,
1829,Panama,PAN,AME,3.6,78,6,2010,3.2 - 4.1,
1830,Trinidad and Tobago,TTO,AME,3.6,78,1,2010,3.0 - 4.3,
1831,Vanuatu,VUT,AP,3.6,78,17,2010,2.3 - 5.8,
1832,China,CHN,AP,3.5,78,1,2010,3.0 - 4.0,
1833,Colombia,COL,AME,3.5,78,-3,2010,3.2 - 4.0,
1834,Greece,GRC,WE/EU,3.5,85,-14,2010,3.1 - 3.9,
1835,Lesotho,LSO,SSA,3.5,85,4,2010,2.8 - 4.4,
1836,Peru,PER,AME,3.5,87,-12,2010,3.4 - 3.6,
1837,Serbia,SRB,ECA,3.5,87,-4,2010,3.1 - 3.9,
1838,Thailand,THA,AP,3.5,87,-3,2010,3.2 - 3.9,
1839,Malawi,MWI,SSA,3.4,87,2,2010,2.8 - 3.9,
1840,Morocco,MAR,MENA,3.4,91,-2,2010,2.9 - 3.9,
1841,Albania,ALB,ECA,3.3,91,4,2010,3.0 - 3.6,
1842,India,IND,AP,3.3,91,-7,2010,3.0 - 3.5,
1843,Jamaica,JAM,AME,3.3,91,8,2010,3.0 - 3.4,
1844,Liberia,LBR,SSA,3.3,91,6,2010,2.7 - 3.9,
1845,Bosnia and Herzegovina,BIH,ECA,3.2,98,1,2010,2.8 - 3.5,
1846,Djibouti,DJI,SSA,3.2,98,13,2010,2.1 - 4.7,
1847,Gambia,GMB,SSA,3.2,98,8,2010,1.9 - 4.4,
1848,Guatemala,GTM,AME,3.2,101,-17,2010,3.0 - 3.4,
1849,Kiribati,KIR,AP,3.2,101,10,2010,2.3 - 4.7,
1850,Sri Lanka,LKA,AP,3.2,101,-4,2010,2.9 - 3.6,
1851,Swaziland,SWZ,AP,3.2,105,-26,2010,3.1 - 3.4,
1852,Burkina Faso,BFA,SSA,3.1,105,-26,2010,2.4 - 3.8,
1853,Egypt,EGY,MENA,3.1,105,6,2010,2.9 - 3.4,
1854,Mexico,MEX,AME,3.1,105,-16,2010,2.9 - 3.3,
1855,Dominican Republic,DOM,AME,3,105,-6,2010,2.7 - 3.2,
1856,Sao Tome and Principe,STP,SSA,3,110,1,2010,2.6 - 3.3,
1857,Tonga,TON,AP,3,110,-11,2010,2.6 - 3.3,
1858,Zambia,ZMB,SSA,3,110,-11,2010,2.7 - 3.3,
1859,Algeria,DZA,MENA,2.9,110,1,2010,2.6 - 3.2,
1860,Argentina,ARG,AME,2.9,110,-4,2010,2.6 - 3.2,
1861,Kazakhstan,KAZ,ECA,2.9,110,10,2010,2.2 - 3.7,
1862,Moldova,MDA,ECA,2.9,116,-27,2010,2.7 - 3.2,
1863,Senegal,SEN,SSA,2.9,116,-17,2010,2.6 - 3.1,
1864,Benin,BEN,SSA,2.8,116,-10,2010,2.3 - 3.3,
1865,Bolivia,BOL,AME,2.8,116,4,2010,2.5 - 3.1,
1866,Gabon,GAB,SSA,2.8,116,-10,2010,2.1 - 3.3,
1867,Indonesia,IDN,AP,2.8,116,-5,2010,2.3 - 3.2,
1868,Kosovo,KSV,ECA,2.8,116,-115,2010,2.7 - 3.1,
1869,Solomon Islands,SLB,AP,2.8,123,-12,2010,2.3 - 3.4,
1870,Ethiopia,ETH,SSA,2.7,123,-3,2010,2.4 - 2.9,
1871,Guyana,GUY,AME,2.7,123,3,2010,2.6 - 2.8,
1872,Mali,MLI,SSA,2.7,123,-12,2010,2.2 - 3.2,
1873,Mongolia,MNG,AP,2.7,127,-7,2010,2.4 - 3.0,
1874,Mozambique,MOZ,SSA,2.7,127,3,2010,2.4 - 3.0,
1875,Tanzania,TZA,SSA,2.7,127,-1,2010,2.4 - 2.9,
1876,Vietnam,VNM,AP,2.7,127,-7,2010,2.4 - 3.1,
1877,Armenia,ARM,ECA,2.6,127,-7,2010,2.5 - 2.8,
1878,Eritrea,ERI,SSA,2.6,127,-1,2010,1.7 - 3.7,
1879,Madagascar,MDG,SSA,2.6,127,-28,2010,2.2 - 2.9,
1880,Niger,NER,SSA,2.6,134,-28,2010,2.3 - 2.9,
1881,Belarus,BLR,ECA,2.5,134,5,2010,2.1 - 3.1,
1882,Ecuador,ECU,AME,2.5,134,12,2010,2.2 - 2.7,
1883,Lebanon,LBN,MENA,2.5,134,-4,2010,2.0 - 2.9,
1884,Nicaragua,NIC,AME,2.5,134,-4,2010,2.2 - 2.7,
1885,Syria,SYR,MENA,2.5,134,-8,2010,2.1 - 2.8,
1886,Timor-Leste,TLS,AP,2.5,134,12,2010,2.1 - 2.8,
1887,Uganda,UGA,SSA,2.5,134,-4,2010,2.1 - 2.9,
1888,Azerbaijan,AZE,ECA,2.4,134,9,2010,2.1 - 2.7,
1889,Bangladesh,BGD,AP,2.4,143,-4,2010,1.9 - 3.0,
1890,Honduras,HND,AME,2.4,143,-13,2010,2.2 - 2.7,
1891,Nigeria,NGA,SSA,2.4,143,-13,2010,2.2 - 2.7,
1892,Philippines,PHL,AP,2.4,146,-7,2010,2.1 - 2.7,
1893,Togo,TGO,SSA,2.4,146,-35,2010,2.1 - 2.6,
1894,Ukraine,UKR,ECA,2.4,146,0,2010,1.8 - 3.0,
1895,Zimbabwe,ZWE,SSA,2.4,146,0,2010,2.1 - 2.6,
1896,Sierra Leone,SLE,SSA,2.4,146,0,2010,1.8 - 3.0,
1897,Maldives,MDV,AP,2.3,146,-16,2010,1.7 - 2.7,
1898,Mauritania,MRT,SSA,2.3,146,-16,2010,1.9 - 2.7,
1899,Pakistan,PAK,AP,2.3,146,-7,2010,2.1 - 2.6,
1900,Cameroon,CMR,SSA,2.2,154,-8,2010,2.0 - 2.4,
1901,Cou0302te d u0301Ivoire,CIV,SSA,2.2,154,0,2010,1.9 - 2.5,
1902,Haiti,HTI,AME,2.2,154,14,2010,2.1 - 2.3,
1903,Iran,IRN,MENA,2.2,154,14,2010,1.6 - 3.1,
1904,Libya,LBY,MENA,2.2,154,-24,2010,2.0 - 2.4,
1905,Nepal,NPL,AP,2.2,154,-11,2010,1.9 - 2.5,
1906,Paraguay,PRY,AME,2.2,154,0,2010,1.9 - 2.5,
1907,Yemen,YEM,MENA,2.2,154,0,2010,2.0 - 2.5,
1908,Russia,RUS,ECA,2.1,154,-8,2010,1.9 - 2.2,
1909,Cambodia,KHM,AP,2.1,154,4,2010,2.0 - 2.3,
1910,Tajikistan,TJK,ECA,2.1,154,4,2010,1.7 - 2.6,
1911,Papua New Guinea,PNG,AP,2.1,154,0,2010,1.9 - 2.3,
1912,Central African Republic,CAF,SSA,2.1,154,4,2010,2.0 - 2.1,
1913,Comoros,COM,SSA,2.1,154,-11,2010,2.0 - 2.3,
1914,Congo-Brazzaville,COG,SSA,2.1,154,8,2010,1.6 - 2.6,
1915,Guinea-Bissau,GNB,SSA,2.1,154,8,2010,1.8 - 2.5,
1916,Kenya,KEN,SSA,2.1,154,-8,2010,1.9 - 2.3,
1917,Laos,LAO,AP,2.1,154,4,2010,1.7 - 2.5,
1918,Guinea,GIN,SSA,2,164,4,2010,1.7 - 2.3,
1919,Democratic Republic of Congo,COD,SSA,2,164,-2,2010,1.8 - 2.2,
1920,Kyrgyzstan,KGZ,ECA,2,164,-2,2010,1.8 - 2.3,
1921,Angola,AGO,SSA,1.9,168,-6,2010,1.8 - 2.1,
1922,Equatorial Guinea,GNQ,SSA,1.9,168,0,2010,1.8 - 2.0,
1923,Burundi,BDI,SSA,1.8,170,-2,2010,1.7 - 2.1,
1924,Chad,TCD,SSA,1.7,171,4,2010,1.6 - 2.0,
1925,Sudan,SDN,SSA,1.6,172,4,2010,1.6 - 1.9,
1926,Turkmenistan,TKM,ECA,1.6,172,-4,2010,1.4 - 1.9,
1927,Uzbekistan,UZB,ECA,1.6,172,2,2010,1.4 - 1.8,
1928,Venezuela,VEN,AME,1.5,175,-13,2010,1.5 - 1.7,
1929,Iraq,IRQ,MENA,1.5,175,1,2010,1.2 - 1.9,
1930,Afghanistan,AFG,AP,1.4,176,3,2010,1.2 - 1.6,
1931,Myanmar,MMR,AP,1.4,176,2,2010,0.9 - 1.9,
1932,Somalia,SOM,SSA,1.1,178,2,2010,0.9 - 1.4,
1933,Afghanistan,AFG,AP,1.5,180,-4,2011,0.1,
1934,Albania,ALB,ECA,3.1,95,-4,2011,0.18,
1935,Algeria,DZA,MENA,2.9,112,-2,2011,0.16,
1936,Angola,AGO,SSA,2,168,0,2011,0.1,
1937,Argentina,ARG,AME,3,100,10,2011,0.21,
1938,Armenia,ARM,ECA,2.6,129,-2,2011,0.16,
1939,Australia,AUS,AP,8.8,8,0,2011,0.12,
1940,Austria,AUT,WE/EU,7.8,16,-1,2011,0.24,
1941,Azerbaijan,AZE,ECA,2.4,143,-9,2011,0.19,
1942,Bahamas,BHS,AME,7.3,21,-20,2011,0.11,
1943,Bahrain,BHR,MENA,5.1,46,4,2011,0.67,
1944,Bangladesh,BGD,AP,2.7,120,23,2011,0.34,
1945,Barbados,BRB,AME,7.8,16,1,2011,0.4,
1946,Belarus,BLR,ECA,2.4,143,-9,2011,0.1,
1947,Belgium,BEL,WE/EU,7.5,19,3,2011,0.21,
1948,Benin,BEN,SSA,3,100,16,2011,0.18,
1949,Bhutan,BTN,AP,5.7,38,-1,2011,0.28,
1950,Bolivia,BOL,AME,2.8,118,-2,2011,0.18,
1951,Bosnia and Herzegovina,BIH,ECA,3.2,91,7,2011,0.12,
1952,Botswana,BWA,SSA,6.1,32,1,2011,0.19,
1953,Brazil,BRA,AME,3.8,73,-4,2011,0.24,
1954,Brunei,BRN,AP,5.2,44,-6,2011,0.59,
1955,Bulgaria,BGR,WE/EU,3.3,86,-8,2011,0.27,
1956,Burkina Faso,BFA,SSA,3,100,5,2011,0.31,
1957,Burundi,BDI,SSA,1.9,172,-2,2011,0.14,
1958,Cambodia,KHM,AP,2.1,164,-10,2011,0.15,
1959,Cameroon,CMR,SSA,2.5,134,20,2011,0.19,
1960,Canada,CAN,AME,8.7,10,-4,2011,0.15,
1961,Cape Verde,CPV,SSA,5.5,41,7,2011,0.29,
1962,Central African Republic,CAF,SSA,2.2,154,0,2011,0.05,
1963,Chad,TCD,SSA,2,168,3,2011,0.05,
1964,Chile,CHL,AME,7.2,22,-1,2011,0.21,
1965,China,CHN,AP,3.6,75,3,2011,0.26,
1966,Colombia,COL,AME,3.4,80,-2,2011,0.29,
1967,Comoros,COM,SSA,2.4,143,11,2011,0.37,
1968,Congo Republic,COG,SSA,2.2,154,0,2011,0.1,
1969,Costa Rica,CRI,AME,4.8,50,-9,2011,0.59,
1970,Cu00f4te du00b4Ivoire,CIV,SSA,2.2,154,0,2011,0.15,
1971,Croatia,HRV,WE/EU,4,66,3,2011,0.21,
1972,Cuba,CUB,AME,4.2,61,12,2011,0.49,
1973,Cyprus,CYP,WE/EU,6.3,30,-2,2011,0.37,
1974,Czech Republic,CZE,WE/EU,4.4,57,-1,2011,0.29,
1975,Democratic Republic of the Congo,COD,SSA,2,168,-4,2011,0.09,
1976,Denmark,DNK,WE/EU,9.4,2,-1,2011,0.05,
1977,Djibouti,DJI,SSA,3,100,-2,2011,0.59,
1978,Dominica,DMA,AME,5.2,44,2,2011,0.26,
1979,Dominican Republic,DOM,AME,2.6,129,-24,2011,0.19,
1980,Ecuador,ECU,AME,2.7,120,14,2011,0.22,
1981,Egypt,EGY,MENA,2.9,112,-7,2011,0.21,
1982,El Salvador,SLV,AME,3.4,80,-2,2011,0.1,
1983,Equatorial Guinea,GNQ,SSA,1.9,172,-4,2011,0.07,
1984,Eritrea,ERI,SSA,2.5,134,-7,2011,0.56,
1985,Estonia,EST,WE/EU,6.4,29,-3,2011,0.29,
1986,Ethiopia,ETH,SSA,2.7,120,3,2011,0.18,
1987,Finland,FIN,WE/EU,9.4,2,2,2011,0.07,
1988,France,FRA,WE/EU,7,25,0,2011,0.27,
1989,FYR Macedonia,MKD,ECA,3.9,69,-2,2011,0.21,
1990,Gabon,GAB,SSA,3,100,16,2011,0.29,
1991,Gambia,GMB,SSA,3.5,77,21,2011,0.65,
1992,Georgia,GEO,ECA,4.1,64,9,2011,0.43,
1993,Germany,DEU,WE/EU,8,14,1,2011,0.18,
1994,Ghana,GHA,SSA,3.9,69,-1,2011,0.28,
1995,Greece,GRC,WE/EU,3.4,80,5,2011,0.26,
1996,Guatemala,GTM,AME,2.7,120,-19,2011,0.19,
1997,Guinea,GIN,SSA,2.1,164,0,2011,0.11,
1998,Guinea-Bissau,GNB,SSA,2.2,154,0,2011,0.1,
1999,Guyana,GUY,AME,2.5,134,-11,2011,0.1,
2000,Haiti,HTI,AME,1.8,175,-21,2011,0.14,
2001,Honduras,HND,AME,2.6,129,14,2011,0.19,
2002,Hong Kong,HKG,AP,8.4,12,1,2011,0.17,
2003,Hungary,HUN,WE/EU,4.6,54,-1,2011,0.41,
2004,Iceland,ISL,WE/EU,8.3,13,-2,2011,0.27,
2005,India,IND,AP,3.1,95,-4,2011,0.12,
2006,Indonesia,IDN,AP,3,100,16,2011,0.27,
2007,Iran,IRN,MENA,2.7,120,34,2011,0.35,
2008,Iraq,IRQ,MENA,1.8,175,0,2011,0.09,
2009,Ireland,IRL,WE/EU,7.5,19,-5,2011,0.23,
2010,Israel,ISR,MENA,5.8,36,-6,2011,0.27,
2011,Italy,ITA,WE/EU,3.9,69,0,2011,0.19,
2012,Jamaica,JAM,AME,3.3,86,5,2011,0.18,
2013,Japan,JPN,AP,8,14,3,2011,0.27,
2014,Jordan,JOR,MENA,4.5,56,-2,2011,0.29,
2015,Kazakhstan,KAZ,ECA,2.7,120,-10,2011,0.37,
2016,Kenya,KEN,SSA,2.2,154,0,2011,0.12,
2017,Kiribati,KIR,AP,3.1,95,6,2011,0.56,
2018,Korea (North),PRK,AP,1,182,-181,2011,0.24,
2019,Korea (South),KOR,AP,5.4,43,-2,2011,0.23,
2020,Kosovo,KSV,ECA,2.9,112,4,2011,0.1,
2021,Kuwait,KWT,MENA,4.6,54,2,2011,0.66,
2022,Kyrgyzstan,KGZ,ECA,2.1,164,0,2011,0.09,
2023,Laos,LAO,AP,2.2,154,0,2011,0.16,
2024,Latvia,LVA,WE/EU,4.2,61,1,2011,0.3,
2025,Lebanon,LBN,MENA,2.5,134,0,2011,0.15,
2026,Lesotho,LSO,SSA,3.5,77,8,2011,0.44,
2027,Liberia,LBR,SSA,3.2,91,0,2011,0.34,
2028,Libya,LBY,MENA,2,168,-14,2011,0.13,
2029,Lithuania,LTU,WE/EU,4.8,50,-1,2011,0.44,
2030,Luxembourg,LUX,WE/EU,8.5,11,0,2011,0.25,
2031,Macau,MAC,AP,5.1,46,4,2011,0.74,
2032,Madagascar,MDG,SSA,3,100,27,2011,0.4,
2033,Malawi,MWI,SSA,3,100,-13,2011,0.18,
2034,Malaysia,MYS,AP,4.3,60,-1,2011,0.31,
2035,Maldives,MDV,AP,2.5,134,12,2011,0.15,
2036,Mali,MLI,SSA,2.8,118,5,2011,0.2,
2037,Malta,MLT,WE/EU,5.6,39,0,2011,0.23,
2038,Mauritania,MRT,SSA,2.4,143,3,2011,0.18,
2039,Mauritius,MUS,SSA,5.1,46,-5,2011,0.37,
2040,Mexico,MEX,AME,3,100,5,2011,0.13,
2041,Moldova,MDA,ECA,2.9,112,4,2011,0.13,
2042,Mongolia,MNG,AP,2.7,120,7,2011,0.13,
2043,Montenegro,MNE,ECA,4,66,7,2011,0.5,
2044,Morocco,MAR,MENA,3.4,80,11,2011,0.37,
2045,Mozambique,MOZ,SSA,2.7,120,7,2011,0.16,
2046,Myanmar,MMR,AP,1.5,180,-4,2011,0.26,
2047,Namibia,NAM,SSA,4.4,57,2,2011,0.3,
2048,Nepal,NPL,AP,2.2,154,0,2011,0.1,
2049,Netherlands,NLD,WE/EU,8.9,7,0,2011,0.11,
2050,New Zealand,NZL,AP,9.5,1,0,2011,0.05,
2051,Nicaragua,NIC,AME,2.5,134,0,2011,0.21,
2052,Niger,NER,SSA,2.5,134,0,2011,0.17,
2053,Nigeria,NGA,SSA,2.4,143,0,2011,0.14,
2054,Norway,NOR,WE/EU,9,6,4,2011,0.07,
2055,Oman,OMN,MENA,4.8,50,-6,2011,0.82,
2056,Pakistan,PAK,AP,2.5,134,12,2011,0.13,
2057,Panama,PAN,AME,3.3,86,-8,2011,0.23,
2058,Papua New Guinea,PNG,AP,2.2,154,0,2011,0.16,
2059,Paraguay,PRY,AME,2.2,154,0,2011,0.17,
2060,Peru,PER,AME,3.4,80,7,2011,0.16,
2061,Philippines,PHL,AP,2.6,129,17,2011,0.19,
2062,Poland,POL,WE/EU,5.5,41,4,2011,0.3,
2063,Portugal,PRT,WE/EU,6.1,32,0,2011,0.42,
2064,Puerto Rico,PRI,AME,5.6,39,-6,2011,0.48,
2065,Qatar,QAT,MENA,7.2,22,-3,2011,0.79,
2066,Romania,ROU,WE/EU,3.6,75,-2,2011,0.17,
2067,Russia,RUS,ECA,2.4,143,11,2011,0.22,
2068,Rwanda,RWA,SSA,5,49,20,2011,0.72,
2069,Saint Lucia,LCA,AME,7,25,-24,2011,0.26,
2070,Saint Vincent and the Grenadines,VCT,AME,5.8,36,-35,2011,0.73,
2071,Samoa,WSM,AP,3.9,69,0,2011,0.35,
2072,Sao Tome & Principe,STP,SSA,3,100,10,2011,0.19,
2073,Saudi Arabia,SAU,MENA,4.4,57,-3,2011,0.86,
2074,Senegal,SEN,SSA,2.9,112,4,2011,0.15,
2075,Serbia,SRB,ECA,3.3,86,1,2011,0.2,
2076,Seychelles,SYC,SSA,4.8,50,0,2011,0.97,
2077,Sierra Leone,SLE,SSA,2.5,134,12,2011,0.15,
2078,Singapore,SGP,AP,9.2,5,-4,2011,0.13,
2079,Slovakia,SVK,WE/EU,4,66,-4,2011,0.36,
2080,Slovenia,SVN,WE/EU,5.9,35,-8,2011,0.39,
2081,Solomon Islands,SLB,AP,2.7,120,3,2011,0.28,
2082,Somalia,SOM,SSA,1,182,-4,2011,0.23,
2083,South Africa,ZAF,SSA,4.1,64,-8,2011,0.21,
2084,Spain,ESP,WE/EU,6.2,31,-1,2011,0.28,
2085,Sri Lanka,LKA,AP,3.3,86,15,2011,0.23,
2086,Sudan,SDN,SSA,1.6,177,-5,2011,0.08,
2087,Suriname,SUR,AME,3,100,-99,2011,0.37,
2088,Swaziland,SWZ,AP,3.1,95,10,2011,0.08,
2089,Sweden,SWE,WE/EU,9.3,4,0,2011,0.08,
2090,Switzerland,CHE,WE/EU,8.8,8,0,2011,0.22,
2091,Syria,SYR,MENA,2.6,129,5,2011,0.16,
2092,Taiwan,TWN,AP,6.1,32,4,2011,0.31,
2093,Tajikistan,TJK,ECA,2.3,152,2,2011,0.28,
2094,Tanzania,TZA,SSA,3,100,27,2011,0.18,
2095,Thailand,THA,AP,3.4,80,7,2011,0.15,
2096,Timor-Leste,TLS,AP,2.4,143,-9,2011,0.26,
2097,Togo,TGO,SSA,2.4,143,3,2011,0.08,
2098,Tonga,TON,AP,3.1,95,15,2011,0.17,
2099,Trinidad and Tobago,TTO,AME,3.2,91,-13,2011,0.32,
2100,Tunisia,TUN,MENA,3.8,73,-7,2011,0.67,
2101,Turkey,TUR,ECA,4.2,61,-2,2011,0.22,
2102,Turkmenistan,TKM,ECA,1.6,177,-5,2011,0.12,
2103,Uganda,UGA,SSA,2.4,143,-9,2011,0.13,
2104,Ukraine,UKR,ECA,2.3,152,-6,2011,0.1,
2105,United Arab Emirates,ARE,MENA,6.8,28,0,2011,0.46,
2106,United Kingdom,GBR,WE/EU,7.8,16,4,2011,0.15,
2107,United States,USA,AME,7.1,24,-2,2011,0.4,
2108,Uruguay,URY,AME,7,25,-1,2011,0.28,
2109,Uzbekistan,UZB,ECA,1.6,177,-5,2011,0.11,
2110,Vanuatu,VUT,AP,3.5,77,1,2011,0.92,
2111,Venezuela,VEN,AME,1.9,172,3,2011,0.1,
2112,Vietnam,VNM,AP,2.9,112,15,2011,0.17,
2113,Yemen,YEM,MENA,2.1,164,-10,2011,0.12,
2114,Zambia,ZMB,SSA,3.2,91,19,2011,0.31,
2115,Zimbabwe,ZWE,SSA,2.2,154,-8,2011,0.37,
